foodCode,foodFactVersionNumber,versionNumber,baseUnitCode,foodForm,stepBaseQuantity,rounding,provenance
ga_ta,4,1,g,portionable_mass,1,half_up,"Reviewed 2026-10-02: Chặt gà thành miếng; cân phần cần dùng, không quy đổi kg thành một con gà. See PURCHASING_REVIEW.md; cooking resolution is independent of sale terms."
thit_ba_chi,4,1,g,portionable_mass,1,half_up,"Reviewed 2026-10-02: Ingredient weighed as a cut, chopped or divisible mass, not a whole-count purchase unit. See PURCHASING_REVIEW.md; cooking resolution is independent of sale terms."
thit_nac_vai,4,1,g,portionable_mass,1,half_up,"Reviewed 2026-10-02: Ingredient weighed as a cut, chopped or divisible mass, not a whole-count purchase unit. See PURCHASING_REVIEW.md; cooking resolution is independent of sale terms."
suon_heo,4,1,g,portionable_mass,1,half_up,"Reviewed 2026-10-02: Ingredient weighed as a cut, chopped or divisible mass, not a whole-count purchase unit. See PURCHASING_REVIEW.md; cooking resolution is independent of sale terms."
thit_bo_bap,4,1,g,portionable_mass,1,half_up,"Reviewed 2026-10-02: Ingredient weighed as a cut, chopped or divisible mass, not a whole-count purchase unit. See PURCHASING_REVIEW.md; cooking resolution is independent of sale terms."
thit_bo_xay,4,1,g,portionable_mass,1,half_up,"Reviewed 2026-10-02: Ingredient weighed as a cut, chopped or divisible mass, not a whole-count purchase unit. See PURCHASING_REVIEW.md; cooking resolution is independent of sale terms."
ca_loc,4,1,g,portionable_mass,1,half_up,"Reviewed 2026-10-02: Cắt cá lóc thành khúc; cân phần cần dùng, không coi một kg là một con cá. See PURCHASING_REVIEW.md; cooking resolution is independent of sale terms."
ca_basa,4,1,g,portionable_mass,1,half_up,Reviewed 2026-10-02: Dùng cá basa cắt khúc hoặc phi lê; cân phần cần dùng. See PURCHASING_REVIEW.md; cooking resolution is independent of sale terms.
ca_nuc,4,1,g,portionable_mass,1,half_up,Reviewed 2026-10-02: Cắt cá nục thành khúc để có thể chia phần theo khối lượng; không đòi dùng nguyên con. See PURCHASING_REVIEW.md; cooking resolution is independent of sale terms.
tom_the,4,1,g,portionable_mass,1,half_up,"Reviewed 2026-10-02: Bóc vỏ, sơ chế và cắt tôm thành miếng để chia phần theo khối lượng; không suy ra số con từ kg. See PURCHASING_REVIEW.md; cooking resolution is independent of sale terms."
muc_ong,4,1,g,portionable_mass,1,half_up,"Reviewed 2026-10-02: Cắt mực thành khoanh hoặc miếng, cân phần cần dùng. See PURCHASING_REVIEW.md; cooking resolution is independent of sale terms."
trung_ga,4,1,item,whole_piece,1,ceil,Reviewed 2026-10-02: whole eggs; pinned item conversion is 56.7 gross grams per egg (existing USDA Egg Grading Manual source). See PURCHASING_REVIEW.md; cooking resolution is independent of sale terms.
dau_hu_trang,4,1,g,portionable_mass,1,half_up,"Reviewed 2026-10-02: Cắt đậu hũ thành miếng để chia phần theo khối lượng, không coi một hộp là một miếng nguyên. See PURCHASING_REVIEW.md; cooking resolution is independent of sale terms."
gao_te,4,1,g,portionable_mass,1,half_up,"Reviewed 2026-10-02: Ingredient weighed as a cut, chopped or divisible mass, not a whole-count purchase unit. See PURCHASING_REVIEW.md; cooking resolution is independent of sale terms."
rau_muong,4,1,g,portionable_mass,1,half_up,"Reviewed 2026-10-02: Ingredient weighed as a cut, chopped or divisible mass, not a whole-count purchase unit. See PURCHASING_REVIEW.md; cooking resolution is independent of sale terms."
cai_ngot,4,1,g,portionable_mass,1,half_up,"Reviewed 2026-10-02: Ingredient weighed as a cut, chopped or divisible mass, not a whole-count purchase unit. See PURCHASING_REVIEW.md; cooking resolution is independent of sale terms."
cai_thao,4,1,g,portionable_mass,1,half_up,"Reviewed 2026-10-02: Ingredient weighed as a cut, chopped or divisible mass, not a whole-count purchase unit. See PURCHASING_REVIEW.md; cooking resolution is independent of sale terms."
bap_cai,4,1,g,portionable_mass,1,half_up,"Reviewed 2026-10-02: Ingredient weighed as a cut, chopped or divisible mass, not a whole-count purchase unit. See PURCHASING_REVIEW.md; cooking resolution is independent of sale terms."
rau_den,4,1,g,portionable_mass,1,half_up,"Reviewed 2026-10-02: Ingredient weighed as a cut, chopped or divisible mass, not a whole-count purchase unit. See PURCHASING_REVIEW.md; cooking resolution is independent of sale terms."
bi_dao,4,1,g,portionable_mass,1,half_up,"Reviewed 2026-10-02: Ingredient weighed as a cut, chopped or divisible mass, not a whole-count purchase unit. See PURCHASING_REVIEW.md; cooking resolution is independent of sale terms."
bi_do,4,1,g,portionable_mass,1,half_up,"Reviewed 2026-10-02: Ingredient weighed as a cut, chopped or divisible mass, not a whole-count purchase unit. See PURCHASING_REVIEW.md; cooking resolution is independent of sale terms."
muop_huong,4,1,g,portionable_mass,1,half_up,"Reviewed 2026-10-02: Ingredient weighed as a cut, chopped or divisible mass, not a whole-count purchase unit. See PURCHASING_REVIEW.md; cooking resolution is independent of sale terms."
su_su,4,1,g,portionable_mass,1,half_up,"Reviewed 2026-10-02: Ingredient weighed as a cut, chopped or divisible mass, not a whole-count purchase unit. See PURCHASING_REVIEW.md; cooking resolution is independent of sale terms."
ca_chua,4,1,g,portionable_mass,1,half_up,"Reviewed 2026-10-02: Ingredient weighed as a cut, chopped or divisible mass, not a whole-count purchase unit. See PURCHASING_REVIEW.md; cooking resolution is independent of sale terms."
ca_rot,4,1,g,portionable_mass,1,half_up,"Reviewed 2026-10-02: Ingredient weighed as a cut, chopped or divisible mass, not a whole-count purchase unit. See PURCHASING_REVIEW.md; cooking resolution is independent of sale terms."
khoai_tay,4,1,g,portionable_mass,1,half_up,"Reviewed 2026-10-02: Ingredient weighed as a cut, chopped or divisible mass, not a whole-count purchase unit. See PURCHASING_REVIEW.md; cooking resolution is independent of sale terms."
dau_cove,4,1,g,portionable_mass,1,half_up,"Reviewed 2026-10-02: Ingredient weighed as a cut, chopped or divisible mass, not a whole-count purchase unit. See PURCHASING_REVIEW.md; cooking resolution is independent of sale terms."
gia_do,4,1,g,portionable_mass,1,half_up,"Reviewed 2026-10-02: Ingredient weighed as a cut, chopped or divisible mass, not a whole-count purchase unit. See PURCHASING_REVIEW.md; cooking resolution is independent of sale terms."
nam_rom,4,1,g,portionable_mass,1,half_up,"Reviewed 2026-10-02: Ingredient weighed as a cut, chopped or divisible mass, not a whole-count purchase unit. See PURCHASING_REVIEW.md; cooking resolution is independent of sale terms."
hanh_tay,4,1,g,portionable_mass,1,half_up,"Reviewed 2026-10-02: Ingredient weighed as a cut, chopped or divisible mass, not a whole-count purchase unit. See PURCHASING_REVIEW.md; cooking resolution is independent of sale terms."
hanh_la,4,1,g,portionable_mass,1,half_up,"Reviewed 2026-10-02: Ingredient weighed as a cut, chopped or divisible mass, not a whole-count purchase unit. See PURCHASING_REVIEW.md; cooking resolution is independent of sale terms."
hanh_tim,4,1,g,portionable_mass,1,half_up,"Reviewed 2026-10-02: Ingredient weighed as a cut, chopped or divisible mass, not a whole-count purchase unit. See PURCHASING_REVIEW.md; cooking resolution is independent of sale terms."
toi,4,1,g,portionable_mass,1,half_up,"Reviewed 2026-10-02: Ingredient weighed as a cut, chopped or divisible mass, not a whole-count purchase unit. See PURCHASING_REVIEW.md; cooking resolution is independent of sale terms."
gung,4,1,g,portionable_mass,1,half_up,"Reviewed 2026-10-02: Ingredient weighed as a cut, chopped or divisible mass, not a whole-count purchase unit. See PURCHASING_REVIEW.md; cooking resolution is independent of sale terms."
sa,4,1,g,portionable_mass,1,half_up,"Reviewed 2026-10-02: Ingredient weighed as a cut, chopped or divisible mass, not a whole-count purchase unit. See PURCHASING_REVIEW.md; cooking resolution is independent of sale terms."
ot_hiem,4,1,g,portionable_mass,1,half_up,"Reviewed 2026-10-02: Ingredient weighed as a cut, chopped or divisible mass, not a whole-count purchase unit. See PURCHASING_REVIEW.md; cooking resolution is independent of sale terms."
rau_ngo,4,1,g,portionable_mass,1,half_up,"Reviewed 2026-10-02: Ingredient weighed as a cut, chopped or divisible mass, not a whole-count purchase unit. See PURCHASING_REVIEW.md; cooking resolution is independent of sale terms."
me_chua,4,1,g,portionable_mass,1,half_up,"Reviewed 2026-10-02: Ingredient weighed as a cut, chopped or divisible mass, not a whole-count purchase unit. See PURCHASING_REVIEW.md; cooking resolution is independent of sale terms."
nuoc_mam,4,1,ml,divisible_volume,0.1,half_up,Reviewed 2026-10-02: divisible liquid measured in ml. See PURCHASING_REVIEW.md; cooking resolution is independent of sale terms.
nuoc_tuong,4,1,ml,divisible_volume,0.1,half_up,Reviewed 2026-10-02: divisible liquid measured in ml. See PURCHASING_REVIEW.md; cooking resolution is independent of sale terms.
dau_an,4,1,ml,divisible_volume,0.1,half_up,Reviewed 2026-10-02: divisible liquid measured in ml. See PURCHASING_REVIEW.md; cooking resolution is independent of sale terms.
muoi,4,1,g,seasoning_mass,0.1,half_up,Reviewed 2026-10-02: powder seasoning weighed at 0.1g resolution. See PURCHASING_REVIEW.md; cooking resolution is independent of sale terms.
duong_cat,4,1,g,seasoning_mass,0.1,half_up,Reviewed 2026-10-02: powder seasoning weighed at 0.1g resolution. See PURCHASING_REVIEW.md; cooking resolution is independent of sale terms.
tieu_xay,4,1,g,seasoning_mass,0.1,half_up,Reviewed 2026-10-02: powder seasoning weighed at 0.1g resolution. See PURCHASING_REVIEW.md; cooking resolution is independent of sale terms.
hat_nem,4,1,g,seasoning_mass,0.1,half_up,Reviewed 2026-10-02: powder seasoning weighed at 0.1g resolution. See PURCHASING_REVIEW.md; cooking resolution is independent of sale terms.
