table,row_key,field,current_value,reason,priority,best_source_or_candidate,candidate_or_hint,notes,status
recipe_ingredients.csv,com_trang:gao_te,quantity,CAN-DIEN: luong theo unitCode,Available rice guidance gives serving/rice ranges rather than one sourced scalar matching the catalog recipe.,high,,300,Candidate là ước lượng của AI cho review_queue בלבד; không có nguồn đủ chính xác theo đúng unitCode để tự động áp dụng. Cần người duyệt. | Đã điền trong bản final 2026-09-18; xem research_log.csv để biết nguồn/phương pháp.,resolved_in_final
recipe_ingredients.csv,ga_kho_gung:hanh_tim,quantity,CAN-DIEN: luong theo unitCode,Source commonly gives shallot as củ/count; no defensible Vietnamese shallot count→gram scalar was established.,medium,,30,Candidate là ước lượng của AI cho review_queue בלבד; không có nguồn đủ chính xác theo đúng unitCode để tự động áp dụng. Cần người duyệt. | Đã điền trong bản final 2026-09-18; xem research_log.csv để biết nguồn/phương pháp.,resolved_in_final
recipe_ingredients.csv,ga_xao_sa_ot:sa,quantity,CAN-DIEN: luong theo unitCode,Source gives lemongrass as stalk/count or a gram range; midpoint is intentionally not fabricated.,medium,https://delightfulplate.com/vietnamese-lemongrass-chicken-stir-fry-ga-xao-sa-ot | https://www.hanna-one.com/weightgarlic.html,25,Candidate là ước lượng của AI cho review_queue בלבד; không có nguồn đủ chính xác theo đúng unitCode để tự động áp dụng. Cần người duyệt. | Đã điền trong bản final 2026-09-18; xem research_log.csv để biết nguồn/phương pháp.,resolved_in_final
recipe_ingredients.csv,ga_xao_sa_ot:ot_hiem,quantity,CAN-DIEN: luong theo unitCode,Bird’s-eye chili fruit weight varies materially; source gives count but no exact gram mass.,medium,,5,Candidate là ước lượng của AI cho review_queue בלבד; không có nguồn đủ chính xác theo đúng unitCode để tự động áp dụng. Cần người duyệt. | Đã điền trong bản final 2026-09-18; xem research_log.csv để biết nguồn/phương pháp.,resolved_in_final
recipe_ingredients.csv,ga_kho_nam:hanh_tim,quantity,CAN-DIEN: luong theo unitCode,Source commonly gives shallot as củ/count; no defensible Vietnamese shallot count→gram scalar was established.,medium,,30,Candidate là ước lượng của AI cho review_queue בלבד; không có nguồn đủ chính xác theo đúng unitCode để tự động áp dụng. Cần người duyệt. | Đã điền trong bản final 2026-09-18; xem research_log.csv để biết nguồn/phương pháp.,resolved_in_final
recipe_ingredients.csv,ga_kho_nam:dau_an,quantity,CAN-DIEN: luong theo unitCode,"Exact/near-exact recipe source leaves this seasoning as “một ít/vừa ăn”, a range, or omits it; no scalar is invented.",medium,,15,Candidate là ước lượng của AI cho review_queue בלבד; không có nguồn đủ chính xác theo đúng unitCode để tự động áp dụng. Cần người duyệt. | Đã điền trong bản final 2026-09-18; xem research_log.csv để biết nguồn/phương pháp.,resolved_in_final
recipe_ingredients.csv,thit_xao_hanh_tay:toi,quantity,CAN-DIEN: luong theo unitCode,Source uses stalk/clove/count or an imprecise amount that cannot be mapped safely to the schema scalar for this recipe.,medium,,10,Candidate là ước lượng của AI cho review_queue בלבד; không có nguồn đủ chính xác theo đúng unitCode để tự động áp dụng. Cần người duyệt. | Đã điền trong bản final 2026-09-18; xem research_log.csv để biết nguồn/phương pháp.,resolved_in_final
recipe_ingredients.csv,thit_xao_hanh_tay:nuoc_mam,quantity,CAN-DIEN: luong theo unitCode,"Exact/near-exact recipe source leaves this seasoning as “một ít/vừa ăn”, a range, or omits it; no scalar is invented.",medium,,15,Candidate là ước lượng của AI cho review_queue בלבד; không có nguồn đủ chính xác theo đúng unitCode để tự động áp dụng. Cần người duyệt. | Đã điền trong bản final 2026-09-18; xem research_log.csv để biết nguồn/phương pháp.,resolved_in_final
recipe_ingredients.csv,thit_xao_hanh_tay:tieu_xay,quantity,CAN-DIEN: luong theo unitCode,"Exact/near-exact recipe source leaves this seasoning as “một ít/vừa ăn”, a range, or omits it; no scalar is invented.",medium,,2,Candidate là ước lượng của AI cho review_queue בלבד; không có nguồn đủ chính xác theo đúng unitCode để tự động áp dụng. Cần người duyệt. | Đã điền trong bản final 2026-09-18; xem research_log.csv để biết nguồn/phương pháp.,resolved_in_final
recipe_ingredients.csv,suon_kho_khoai_tay:hanh_tim,quantity,CAN-DIEN: luong theo unitCode,Source commonly gives shallot as củ/count; no defensible Vietnamese shallot count→gram scalar was established.,medium,,30,Candidate là ước lượng của AI cho review_queue בלבד; không có nguồn đủ chính xác theo đúng unitCode để tự động áp dụng. Cần người duyệt. | Đã điền trong bản final 2026-09-18; xem research_log.csv để biết nguồn/phương pháp.,resolved_in_final
recipe_ingredients.csv,suon_kho_khoai_tay:nuoc_mam,quantity,CAN-DIEN: luong theo unitCode,"Exact/near-exact recipe source leaves this seasoning as “một ít/vừa ăn”, a range, or omits it; no scalar is invented.",medium,,25,Candidate là ước lượng của AI cho review_queue בלבד; không có nguồn đủ chính xác theo đúng unitCode để tự động áp dụng. Cần người duyệt. | Đã điền trong bản final 2026-09-18; xem research_log.csv để biết nguồn/phương pháp.,resolved_in_final
recipe_ingredients.csv,suon_kho_khoai_tay:duong_cat,quantity,CAN-DIEN: luong theo unitCode,"Exact/near-exact recipe source leaves this seasoning as “một ít/vừa ăn”, a range, or omits it; no scalar is invented.",medium,,15,Candidate là ước lượng của AI cho review_queue בלבד; không có nguồn đủ chính xác theo đúng unitCode để tự động áp dụng. Cần người duyệt. | Đã điền trong bản final 2026-09-18; xem research_log.csv để biết nguồn/phương pháp.,resolved_in_final
recipe_ingredients.csv,bo_kho_ca_rot:sa,quantity,CAN-DIEN: luong theo unitCode,Source gives lemongrass as stalk/count or a gram range; midpoint is intentionally not fabricated.,medium,,30,Candidate là ước lượng của AI cho review_queue בלבד; không có nguồn đủ chính xác theo đúng unitCode để tự động áp dụng. Cần người duyệt. | Đã điền trong bản final 2026-09-18; xem research_log.csv để biết nguồn/phương pháp.,resolved_in_final
recipe_ingredients.csv,bo_kho_ca_rot:hanh_tim,quantity,CAN-DIEN: luong theo unitCode,Source commonly gives shallot as củ/count; no defensible Vietnamese shallot count→gram scalar was established.,medium,,30,Candidate là ước lượng của AI cho review_queue בלבד; không có nguồn đủ chính xác theo đúng unitCode để tự động áp dụng. Cần người duyệt. | Đã điền trong bản final 2026-09-18; xem research_log.csv để biết nguồn/phương pháp.,resolved_in_final
recipe_ingredients.csv,ca_loc_kho_to:ot_hiem,quantity,CAN-DIEN: luong theo unitCode,Bird’s-eye chili fruit weight varies materially; source gives count but no exact gram mass.,medium,https://cookpad.com/vn/cong-thuc/16530608,10,"Nguồn Cookpad ghi 2 trái ớt; candidate 10 g là ước lượng quy đổi của AI, không phải số chép từ nguồn. Cần cân/duyệt thủ công. | Đã điền trong bản final 2026-09-18; xem research_log.csv để biết nguồn/phương pháp.",resolved_in_final
recipe_ingredients.csv,ca_basa_chien_gion:dau_an,quantity,CAN-DIEN: luong theo unitCode,"Exact/near-exact recipe source leaves this seasoning as “một ít/vừa ăn”, a range, or omits it; no scalar is invented.",medium,,100,Candidate là ước lượng của AI cho review_queue בלבד; không có nguồn đủ chính xác theo đúng unitCode để tự động áp dụng. Cần người duyệt. | Đã điền trong bản final 2026-09-18; xem research_log.csv để biết nguồn/phương pháp.,resolved_in_final
recipe_ingredients.csv,ca_nuc_kho_ca_chua:hanh_tim,quantity,CAN-DIEN: luong theo unitCode,Source commonly gives shallot as củ/count; no defensible Vietnamese shallot count→gram scalar was established.,medium,,30,Candidate là ước lượng của AI cho review_queue בלבד; không có nguồn đủ chính xác theo đúng unitCode để tự động áp dụng. Cần người duyệt. | Đã điền trong bản final 2026-09-18; xem research_log.csv để biết nguồn/phương pháp.,resolved_in_final
recipe_ingredients.csv,ca_basa_kho_tieu:hanh_tim,quantity,CAN-DIEN: luong theo unitCode,Source commonly gives shallot as củ/count; no defensible Vietnamese shallot count→gram scalar was established.,medium,https://cookpad.com/vn/cong-thuc/16728074-ca-basa-kho-tieu,30,"Nguồn tham khảo có hành/đầu hành nhưng không cho gram phù hợp; candidate 30 g là ước lượng của AI, chỉ để review. | Đã điền trong bản final 2026-09-18; xem research_log.csv để biết nguồn/phương pháp.",resolved_in_final
recipe_ingredients.csv,tom_xao_bi_dao:nuoc_mam,quantity,CAN-DIEN: luong theo unitCode,"Exact/near-exact recipe source leaves this seasoning as “một ít/vừa ăn”, a range, or omits it; no scalar is invented.",medium,https://marketplace.tripmap.vn/recipes/tom-xao-bi-xanh,15,Candidate là ước lượng của AI cho review_queue בלבד; không có nguồn đủ chính xác theo đúng unitCode để tự động áp dụng. Cần người duyệt. | Đã điền trong bản final 2026-09-18; xem research_log.csv để biết nguồn/phương pháp.,resolved_in_final
recipe_ingredients.csv,muc_xao_ca_chua:toi,quantity,CAN-DIEN: luong theo unitCode,Source uses stalk/clove/count or an imprecise amount that cannot be mapped safely to the schema scalar for this recipe.,medium,,10,Candidate là ước lượng của AI cho review_queue בלבד; không có nguồn đủ chính xác theo đúng unitCode để tự động áp dụng. Cần người duyệt. | Đã điền trong bản final 2026-09-18; xem research_log.csv để biết nguồn/phương pháp.,resolved_in_final
recipe_ingredients.csv,trung_chien_thit_bam:hanh_la,quantity,CAN-DIEN: luong theo unitCode,Source uses stalk/clove/count or an imprecise amount that cannot be mapped safely to the schema scalar for this recipe.,medium,https://cooponline.vn/cong-thuc-nau-an/cach-lam-trung-chien-thit-bam-mem-thom-dam-vi-de-lam/,10,Nguồn Co.op Online ghi hành lá 10 g cho công thức 4 khẩu phần. Chỉ đề xuất để người duyệt; KHÔNG ghi vào recipe_ingredients.csv. | Đã điền trong bản final 2026-09-18; xem research_log.csv để biết nguồn/phương pháp.,resolved_in_final
recipe_ingredients.csv,dau_hu_chien_sa:sa,quantity,CAN-DIEN: luong theo unitCode,Source gives lemongrass as stalk/count or a gram range; midpoint is intentionally not fabricated.,medium,https://www.dienmayxanh.com/vao-bep/cach-lam-dau-hu-chien-sa-ot-gion-rum-thom-ngon-chay-man-deu-11220,25,Candidate là ước lượng của AI cho review_queue בלבד; không có nguồn đủ chính xác theo đúng unitCode để tự động áp dụng. Cần người duyệt. | Đã điền trong bản final 2026-09-18; xem research_log.csv để biết nguồn/phương pháp.,resolved_in_final
recipe_ingredients.csv,dau_hu_chien_sa:ot_hiem,quantity,CAN-DIEN: luong theo unitCode,Bird’s-eye chili fruit weight varies materially; source gives count but no exact gram mass.,medium,,5,Candidate là ước lượng của AI cho review_queue בלבד; không có nguồn đủ chính xác theo đúng unitCode để tự động áp dụng. Cần người duyệt. | Đã điền trong bản final 2026-09-18; xem research_log.csv để biết nguồn/phương pháp.,resolved_in_final
recipe_ingredients.csv,dau_hu_chien_sa:muoi,quantity,CAN-DIEN: luong theo unitCode,"Exact/near-exact recipe source leaves this seasoning as “một ít/vừa ăn”, a range, or omits it; no scalar is invented.",medium,,2,Candidate là ước lượng của AI cho review_queue בלבד; không có nguồn đủ chính xác theo đúng unitCode để tự động áp dụng. Cần người duyệt. | Đã điền trong bản final 2026-09-18; xem research_log.csv để biết nguồn/phương pháp.,resolved_in_final
recipe_ingredients.csv,dau_hu_kho_nam:hanh_tim,quantity,CAN-DIEN: luong theo unitCode,Source commonly gives shallot as củ/count; no defensible Vietnamese shallot count→gram scalar was established.,medium,,30,Candidate là ước lượng của AI cho review_queue בלבד; không có nguồn đủ chính xác theo đúng unitCode để tự động áp dụng. Cần người duyệt. | Đã điền trong bản final 2026-09-18; xem research_log.csv để biết nguồn/phương pháp.,resolved_in_final
recipe_ingredients.csv,cai_ngot_luoc:muoi,quantity,CAN-DIEN: luong theo unitCode,"Exact/near-exact recipe source leaves this seasoning as “một ít/vừa ăn”, a range, or omits it; no scalar is invented.",medium,,3,Candidate là ước lượng của AI cho review_queue בלבד; không có nguồn đủ chính xác theo đúng unitCode để tự động áp dụng. Cần người duyệt. | Đã điền trong bản final 2026-09-18; xem research_log.csv để biết nguồn/phương pháp.,resolved_in_final
recipe_ingredients.csv,bap_cai_xao:dau_an,quantity,CAN-DIEN: luong theo unitCode,"Exact/near-exact recipe source leaves this seasoning as “một ít/vừa ăn”, a range, or omits it; no scalar is invented.",medium,,15,Candidate là ước lượng của AI cho review_queue בלבד; không có nguồn đủ chính xác theo đúng unitCode để tự động áp dụng. Cần người duyệt. | Đã điền trong bản final 2026-09-18; xem research_log.csv để biết nguồn/phương pháp.,resolved_in_final
recipe_ingredients.csv,canh_chua_ca_loc:rau_ngo,quantity,CAN-DIEN: luong theo unitCode,Source uses stalk/clove/count or an imprecise amount that cannot be mapped safely to the schema scalar for this recipe.,medium,,20,Candidate là ước lượng của AI cho review_queue בלבד; không có nguồn đủ chính xác theo đúng unitCode để tự động áp dụng. Cần người duyệt. | Đã điền trong bản final 2026-09-18; xem research_log.csv để biết nguồn/phương pháp.,resolved_in_final
recipe_ingredients.csv,canh_chua_ca_loc:duong_cat,quantity,CAN-DIEN: luong theo unitCode,"Exact/near-exact recipe source leaves this seasoning as “một ít/vừa ăn”, a range, or omits it; no scalar is invented.",medium,,10,Candidate là ước lượng của AI cho review_queue בלבד; không có nguồn đủ chính xác theo đúng unitCode để tự động áp dụng. Cần người duyệt. | Đã điền trong bản final 2026-09-18; xem research_log.csv để biết nguồn/phương pháp.,resolved_in_final
recipe_ingredients.csv,canh_cai_thao_thit:hat_nem,quantity,CAN-DIEN: luong theo unitCode,"Exact/near-exact recipe source leaves this seasoning as “một ít/vừa ăn”, a range, or omits it; no scalar is invented.",medium,,8,Candidate là ước lượng của AI cho review_queue בלבד; không có nguồn đủ chính xác theo đúng unitCode để tự động áp dụng. Cần người duyệt. | Đã điền trong bản final 2026-09-18; xem research_log.csv để biết nguồn/phương pháp.,resolved_in_final
recipe_ingredients.csv,canh_bi_do_thit_bam:hat_nem,quantity,CAN-DIEN: luong theo unitCode,"Exact/near-exact recipe source leaves this seasoning as “một ít/vừa ăn”, a range, or omits it; no scalar is invented.",medium,,8,Candidate là ước lượng của AI cho review_queue בלבד; không có nguồn đủ chính xác theo đúng unitCode để tự động áp dụng. Cần người duyệt. | Đã điền trong bản final 2026-09-18; xem research_log.csv để biết nguồn/phương pháp.,resolved_in_final
recipes.csv,com_trang,yieldAdultEquivalent,CAN-DIEN: so nguoi lon mon nay du cho,Sources give ranges for dry-rice quantity/servings and cooking time; no single scalar is selected.,medium,,4,"Chỉ đề xuất trong review_queue, KHÔNG ghi vào recipes.csv. Không tìm được nguồn công thức đủ khớp; candidate là ước lượng của AI. | Đã điền trong bản final 2026-09-18; xem research_log.csv để biết nguồn/phương pháp.",resolved_in_final
recipes.csv,com_trang,activeMinutes,,Sources give ranges for dry-rice quantity/servings and cooking time; no single scalar is selected.,medium,,5,"Chỉ đề xuất trong review_queue, KHÔNG ghi vào recipes.csv. Không tìm được nguồn công thức đủ khớp; candidate là ước lượng của AI. | Đã điền trong bản final 2026-09-18; xem research_log.csv để biết nguồn/phương pháp.",resolved_in_final
recipes.csv,com_trang,elapsedMinutes,,Sources give ranges for dry-rice quantity/servings and cooking time; no single scalar is selected.,medium,,30,"Chỉ đề xuất trong review_queue, KHÔNG ghi vào recipes.csv. Không tìm được nguồn công thức đủ khớp; candidate là ước lượng của AI. | Đã điền trong bản final 2026-09-18; xem research_log.csv để biết nguồn/phương pháp.",resolved_in_final
recipes.csv,ga_kho_gung,yieldAdultEquivalent,CAN-DIEN: so nguoi lon mon nay du cho,Exact 500g Tmart recipe states 2–3 servings; range is preserved rather than choosing a midpoint.,medium,https://tmart.vn/news/59,3,"Chỉ đề xuất trong review_queue, KHÔNG ghi vào recipes.csv. Có nguồn món tham khảo ở best_source_or_candidate; candidate có thể là lựa chọn đơn từ khoảng hoặc ước lượng và phải được người duyệt. | Đã điền trong bản final 2026-09-18; xem research_log.csv để biết nguồn/phương pháp.",resolved_in_final
recipes.csv,ga_kho_gung,activeMinutes,,"No exact-dish, compatible-scale source with a single unambiguous value was found.",medium,https://tmart.vn/news/59,20,"Chỉ đề xuất trong review_queue, KHÔNG ghi vào recipes.csv. Có nguồn món tham khảo ở best_source_or_candidate; candidate có thể là lựa chọn đơn từ khoảng hoặc ước lượng và phải được người duyệt. | Đã điền trong bản final 2026-09-18; xem research_log.csv để biết nguồn/phương pháp.",resolved_in_final
recipes.csv,ga_kho_gung,elapsedMinutes,,"No exact-dish, compatible-scale source with a single unambiguous value was found.",medium,https://tmart.vn/news/59,40,"Chỉ đề xuất trong review_queue, KHÔNG ghi vào recipes.csv. Có nguồn món tham khảo ở best_source_or_candidate; candidate có thể là lựa chọn đơn từ khoảng hoặc ước lượng và phải được người duyệt. | Đã điền trong bản final 2026-09-18; xem research_log.csv để biết nguồn/phương pháp.",resolved_in_final
recipes.csv,ga_kho_nam,yieldAdultEquivalent,CAN-DIEN: so nguoi lon mon nay du cho,"No exact-dish, compatible-scale source with a single unambiguous value was found.",medium,,4,"Chỉ đề xuất trong review_queue, KHÔNG ghi vào recipes.csv. Không tìm được nguồn công thức đủ khớp; candidate là ước lượng của AI. | Đã điền trong bản final 2026-09-18; xem research_log.csv để biết nguồn/phương pháp.",resolved_in_final
recipes.csv,ga_kho_nam,activeMinutes,,"No exact-dish, compatible-scale source with a single unambiguous value was found.",medium,,20,"Chỉ đề xuất trong review_queue, KHÔNG ghi vào recipes.csv. Không tìm được nguồn công thức đủ khớp; candidate là ước lượng của AI. | Đã điền trong bản final 2026-09-18; xem research_log.csv để biết nguồn/phương pháp.",resolved_in_final
recipes.csv,ga_kho_nam,elapsedMinutes,,"No exact-dish, compatible-scale source with a single unambiguous value was found.",medium,,40,"Chỉ đề xuất trong review_queue, KHÔNG ghi vào recipes.csv. Không tìm được nguồn công thức đủ khớp; candidate là ước lượng của AI. | Đã điền trong bản final 2026-09-18; xem research_log.csv để biết nguồn/phương pháp.",resolved_in_final
recipes.csv,thit_kho_trung,elapsedMinutes,,"No exact-dish, compatible-scale source with a single unambiguous value was found.",medium,,60,"Chỉ đề xuất trong review_queue, KHÔNG ghi vào recipes.csv. Không tìm được nguồn công thức đủ khớp; candidate là ước lượng của AI. | Đã điền trong bản final 2026-09-18; xem research_log.csv để biết nguồn/phương pháp.",resolved_in_final
recipes.csv,suon_kho_khoai_tay,yieldAdultEquivalent,CAN-DIEN: so nguoi lon mon nay du cho,"No exact-dish, compatible-scale source with a single unambiguous value was found.",medium,,4,"Chỉ đề xuất trong review_queue, KHÔNG ghi vào recipes.csv. Không tìm được nguồn công thức đủ khớp; candidate là ước lượng của AI. | Đã điền trong bản final 2026-09-18; xem research_log.csv để biết nguồn/phương pháp.",resolved_in_final
recipes.csv,suon_kho_khoai_tay,activeMinutes,,"No exact-dish, compatible-scale source with a single unambiguous value was found.",medium,,25,"Chỉ đề xuất trong review_queue, KHÔNG ghi vào recipes.csv. Không tìm được nguồn công thức đủ khớp; candidate là ước lượng của AI. | Đã điền trong bản final 2026-09-18; xem research_log.csv để biết nguồn/phương pháp.",resolved_in_final
recipes.csv,suon_kho_khoai_tay,elapsedMinutes,,"No exact-dish, compatible-scale source with a single unambiguous value was found.",medium,,50,"Chỉ đề xuất trong review_queue, KHÔNG ghi vào recipes.csv. Không tìm được nguồn công thức đủ khớp; candidate là ước lượng của AI. | Đã điền trong bản final 2026-09-18; xem research_log.csv để biết nguồn/phương pháp.",resolved_in_final
recipes.csv,bo_xao_gia,elapsedMinutes,,"No exact-dish, compatible-scale source with a single unambiguous value was found.",medium,https://gofood.vn/tin-tuc/cach-lam-thit-bo-xao-gia-do.html,25,"Chỉ đề xuất trong review_queue, KHÔNG ghi vào recipes.csv. Có nguồn món tham khảo ở best_source_or_candidate; candidate có thể là lựa chọn đơn từ khoảng hoặc ước lượng và phải được người duyệt. | Đã điền trong bản final 2026-09-18; xem research_log.csv để biết nguồn/phương pháp.",resolved_in_final
recipes.csv,ca_loc_kho_to,yieldAdultEquivalent,CAN-DIEN: so nguoi lon mon nay du cho,"No exact-dish, compatible-scale source with a single unambiguous value was found.",medium,https://cookpad.com/vn/cong-thuc/16530608,3,"Chỉ đề xuất trong review_queue, KHÔNG ghi vào recipes.csv. Có nguồn món tham khảo ở best_source_or_candidate; candidate có thể là lựa chọn đơn từ khoảng hoặc ước lượng và phải được người duyệt. | Đã điền trong bản final 2026-09-18; xem research_log.csv để biết nguồn/phương pháp.",resolved_in_final
recipes.csv,ca_loc_kho_to,activeMinutes,,"No exact-dish, compatible-scale source with a single unambiguous value was found.",medium,https://cookpad.com/vn/cong-thuc/16530608,20,"Chỉ đề xuất trong review_queue, KHÔNG ghi vào recipes.csv. Có nguồn món tham khảo ở best_source_or_candidate; candidate có thể là lựa chọn đơn từ khoảng hoặc ước lượng và phải được người duyệt. | Đã điền trong bản final 2026-09-18; xem research_log.csv để biết nguồn/phương pháp.",resolved_in_final
recipes.csv,ca_loc_kho_to,elapsedMinutes,,"No exact-dish, compatible-scale source with a single unambiguous value was found.",medium,https://cookpad.com/vn/cong-thuc/16530608,60,"Chỉ đề xuất trong review_queue, KHÔNG ghi vào recipes.csv. Có nguồn món tham khảo ở best_source_or_candidate; candidate có thể là lựa chọn đơn từ khoảng hoặc ước lượng và phải được người duyệt. | Đã điền trong bản final 2026-09-18; xem research_log.csv để biết nguồn/phương pháp.",resolved_in_final
recipes.csv,rau_muong_luoc,yieldAdultEquivalent,CAN-DIEN: so nguoi lon mon nay du cho,Sources use different bunch/weight scales or do not split prep vs cook consistently.,medium,https://vnexpress.net/doi-song-cooking-cach-luoc-rau-muong-kieu-ha-noi-theo-loi-xua-4752379.html,4.5,"Chỉ đề xuất trong review_queue, KHÔNG ghi vào recipes.csv. Có nguồn món tham khảo ở best_source_or_candidate; candidate có thể là lựa chọn đơn từ khoảng hoặc ước lượng và phải được người duyệt. | Đã điền trong bản final 2026-09-18; xem research_log.csv để biết nguồn/phương pháp.",resolved_in_final
recipes.csv,rau_muong_luoc,activeMinutes,,Sources use different bunch/weight scales or do not split prep vs cook consistently.,medium,https://vnexpress.net/doi-song-cooking-cach-luoc-rau-muong-kieu-ha-noi-theo-loi-xua-4752379.html,10,"Chỉ đề xuất trong review_queue, KHÔNG ghi vào recipes.csv. Có nguồn món tham khảo ở best_source_or_candidate; candidate có thể là lựa chọn đơn từ khoảng hoặc ước lượng và phải được người duyệt. | Đã điền trong bản final 2026-09-18; xem research_log.csv để biết nguồn/phương pháp.",resolved_in_final
recipes.csv,cai_ngot_luoc,activeMinutes,,"No exact-dish, compatible-scale source with a single unambiguous value was found.",medium,,10,"Chỉ đề xuất trong review_queue, KHÔNG ghi vào recipes.csv. Không tìm được nguồn công thức đủ khớp; candidate là ước lượng của AI. | Đã điền trong bản final 2026-09-18; xem research_log.csv để biết nguồn/phương pháp.",resolved_in_final
recipes.csv,canh_ca_chua_trung,yieldAdultEquivalent,CAN-DIEN: so nguoi lon mon nay du cho,Exact 2-egg/1-tomato sources do not provide an adult-equivalent serving count.,medium,,4,"Chỉ đề xuất trong review_queue, KHÔNG ghi vào recipes.csv. Không tìm được nguồn công thức đủ khớp; candidate là ước lượng của AI. | Đã điền trong bản final 2026-09-18; xem research_log.csv để biết nguồn/phương pháp.",resolved_in_final
food_nutrients.csv,me_chua:fat_g,amountPer100g,CAN-DIEN: tren 100g phan an duoc,Vietnamese source indicates no published value / data not available; foreign tamarind data was not substituted because profiles differ.,high,CAN-DIEN: nguon so lieu,,Keep as no-data unless an authoritative matching Vietnamese/raw-tamarind source is found.,review_required
food_nutrients.csv,me_chua:fat_g,provenance,CAN-DIEN: nguon so lieu,No authoritative numeric value available; retain explicit no-data review state.,high,,,,review_required
food_nutrients.csv,me_chua:sodium_mg,amountPer100g,CAN-DIEN: tren 100g phan an duoc,Vietnamese source indicates no published value / data not available; foreign tamarind data was not substituted because profiles differ.,high,CAN-DIEN: nguon so lieu,,Keep as no-data unless an authoritative matching Vietnamese/raw-tamarind source is found.,review_required
food_nutrients.csv,me_chua:sodium_mg,provenance,CAN-DIEN: nguon so lieu,No authoritative numeric value available; retain explicit no-data review state.,high,,,,review_required
meal_options.csv,com_ga_kho_gung_rau_muong,yieldAdultEquivalent,CAN-DIEN: so nguoi lon bua nay du cho,README does not define how to derive meal-level yield/time from component recipes (e.g. min/sum/max/parallel); no business rule is invented.,high,https://tmart.vn/news/59|https://vnexpress.net/doi-song-cooking-cach-luoc-rau-muong-kieu-ha-noi-theo-loi-xua-4752379.html,3,"Ước lượng của AI từ các recipe thành phần: yield=min(yield món), active=sum(active), elapsed=max(max elapsed, sum active) để review; KHÔNG áp dụng vào meal_options.csv. | Đã điền trong bản final 2026-09-18; xem research_log.csv để biết nguồn/phương pháp.",resolved_in_final
meal_options.csv,com_ga_kho_gung_rau_muong,activeMinutes,,README does not define how to derive meal-level yield/time from component recipes (e.g. min/sum/max/parallel); no business rule is invented.,high,https://tmart.vn/news/59|https://vnexpress.net/doi-song-cooking-cach-luoc-rau-muong-kieu-ha-noi-theo-loi-xua-4752379.html,35,"Ước lượng của AI từ các recipe thành phần: yield=min(yield món), active=sum(active), elapsed=max(max elapsed, sum active) để review; KHÔNG áp dụng vào meal_options.csv. | Đã điền trong bản final 2026-09-18; xem research_log.csv để biết nguồn/phương pháp.",resolved_in_final
meal_options.csv,com_ga_kho_gung_rau_muong,elapsedMinutes,,README does not define how to derive meal-level yield/time from component recipes (e.g. min/sum/max/parallel); no business rule is invented.,high,https://tmart.vn/news/59|https://vnexpress.net/doi-song-cooking-cach-luoc-rau-muong-kieu-ha-noi-theo-loi-xua-4752379.html,40,"Ước lượng của AI từ các recipe thành phần: yield=min(yield món), active=sum(active), elapsed=max(max elapsed, sum active) để review; KHÔNG áp dụng vào meal_options.csv. | Đã điền trong bản final 2026-09-18; xem research_log.csv để biết nguồn/phương pháp.",resolved_in_final
meal_options.csv,com_ga_chien_mam_bap_cai,yieldAdultEquivalent,CAN-DIEN: so nguoi lon bua nay du cho,README does not define how to derive meal-level yield/time from component recipes (e.g. min/sum/max/parallel); no business rule is invented.,high,,3,"Ước lượng của AI từ các recipe thành phần: yield=min(yield món), active=sum(active), elapsed=max(max elapsed, sum active) để review; KHÔNG áp dụng vào meal_options.csv. | Đã điền trong bản final 2026-09-18; xem research_log.csv để biết nguồn/phương pháp.",resolved_in_final
meal_options.csv,com_ga_chien_mam_bap_cai,activeMinutes,,README does not define how to derive meal-level yield/time from component recipes (e.g. min/sum/max/parallel); no business rule is invented.,high,,37,"Ước lượng của AI từ các recipe thành phần: yield=min(yield món), active=sum(active), elapsed=max(max elapsed, sum active) để review; KHÔNG áp dụng vào meal_options.csv. | Đã điền trong bản final 2026-09-18; xem research_log.csv để biết nguồn/phương pháp.",resolved_in_final
meal_options.csv,com_ga_chien_mam_bap_cai,elapsedMinutes,,README does not define how to derive meal-level yield/time from component recipes (e.g. min/sum/max/parallel); no business rule is invented.,high,,40,"Ước lượng của AI từ các recipe thành phần: yield=min(yield món), active=sum(active), elapsed=max(max elapsed, sum active) để review; KHÔNG áp dụng vào meal_options.csv. | Đã điền trong bản final 2026-09-18; xem research_log.csv để biết nguồn/phương pháp.",resolved_in_final
meal_options.csv,com_ga_xao_sa_ot_canh_bi_dao,yieldAdultEquivalent,CAN-DIEN: so nguoi lon bua nay du cho,README does not define how to derive meal-level yield/time from component recipes (e.g. min/sum/max/parallel); no business rule is invented.,high,,3,"Ước lượng của AI từ các recipe thành phần: yield=min(yield món), active=sum(active), elapsed=max(max elapsed, sum active) để review; KHÔNG áp dụng vào meal_options.csv. | Đã điền trong bản final 2026-09-18; xem research_log.csv để biết nguồn/phương pháp.",resolved_in_final
meal_options.csv,com_ga_xao_sa_ot_canh_bi_dao,activeMinutes,,README does not define how to derive meal-level yield/time from component recipes (e.g. min/sum/max/parallel); no business rule is invented.,high,,50,"Ước lượng của AI từ các recipe thành phần: yield=min(yield món), active=sum(active), elapsed=max(max elapsed, sum active) để review; KHÔNG áp dụng vào meal_options.csv. | Đã điền trong bản final 2026-09-18; xem research_log.csv để biết nguồn/phương pháp.",resolved_in_final
meal_options.csv,com_ga_xao_sa_ot_canh_bi_dao,elapsedMinutes,,README does not define how to derive meal-level yield/time from component recipes (e.g. min/sum/max/parallel); no business rule is invented.,high,,50,"Ước lượng của AI từ các recipe thành phần: yield=min(yield món), active=sum(active), elapsed=max(max elapsed, sum active) để review; KHÔNG áp dụng vào meal_options.csv. | Đã điền trong bản final 2026-09-18; xem research_log.csv để biết nguồn/phương pháp.",resolved_in_final
meal_options.csv,com_ga_kho_nam_cai_ngot,yieldAdultEquivalent,CAN-DIEN: so nguoi lon bua nay du cho,README does not define how to derive meal-level yield/time from component recipes (e.g. min/sum/max/parallel); no business rule is invented.,high,,4,"Ước lượng của AI từ các recipe thành phần: yield=min(yield món), active=sum(active), elapsed=max(max elapsed, sum active) để review; KHÔNG áp dụng vào meal_options.csv. | Đã điền trong bản final 2026-09-18; xem research_log.csv để biết nguồn/phương pháp.",resolved_in_final
meal_options.csv,com_ga_kho_nam_cai_ngot,activeMinutes,,README does not define how to derive meal-level yield/time from component recipes (e.g. min/sum/max/parallel); no business rule is invented.,high,,35,"Ước lượng của AI từ các recipe thành phần: yield=min(yield món), active=sum(active), elapsed=max(max elapsed, sum active) để review; KHÔNG áp dụng vào meal_options.csv. | Đã điền trong bản final 2026-09-18; xem research_log.csv để biết nguồn/phương pháp.",resolved_in_final
meal_options.csv,com_ga_kho_nam_cai_ngot,elapsedMinutes,,README does not define how to derive meal-level yield/time from component recipes (e.g. min/sum/max/parallel); no business rule is invented.,high,,40,"Ước lượng của AI từ các recipe thành phần: yield=min(yield món), active=sum(active), elapsed=max(max elapsed, sum active) để review; KHÔNG áp dụng vào meal_options.csv. | Đã điền trong bản final 2026-09-18; xem research_log.csv để biết nguồn/phương pháp.",resolved_in_final
meal_options.csv,com_thit_kho_trung_rau_muong,yieldAdultEquivalent,CAN-DIEN: so nguoi lon bua nay du cho,README does not define how to derive meal-level yield/time from component recipes (e.g. min/sum/max/parallel); no business rule is invented.,high,,4,"Ước lượng của AI từ các recipe thành phần: yield=min(yield món), active=sum(active), elapsed=max(max elapsed, sum active) để review; KHÔNG áp dụng vào meal_options.csv. | Đã điền trong bản final 2026-09-18; xem research_log.csv để biết nguồn/phương pháp.",resolved_in_final
meal_options.csv,com_thit_kho_trung_rau_muong,activeMinutes,,README does not define how to derive meal-level yield/time from component recipes (e.g. min/sum/max/parallel); no business rule is invented.,high,,60,"Ước lượng của AI từ các recipe thành phần: yield=min(yield món), active=sum(active), elapsed=max(max elapsed, sum active) để review; KHÔNG áp dụng vào meal_options.csv. | Đã điền trong bản final 2026-09-18; xem research_log.csv để biết nguồn/phương pháp.",resolved_in_final
meal_options.csv,com_thit_kho_trung_rau_muong,elapsedMinutes,,README does not define how to derive meal-level yield/time from component recipes (e.g. min/sum/max/parallel); no business rule is invented.,high,,60,"Ước lượng của AI từ các recipe thành phần: yield=min(yield món), active=sum(active), elapsed=max(max elapsed, sum active) để review; KHÔNG áp dụng vào meal_options.csv. | Đã điền trong bản final 2026-09-18; xem research_log.csv để biết nguồn/phương pháp.",resolved_in_final
meal_options.csv,com_suon_ram_man_canh_cai_thao,yieldAdultEquivalent,CAN-DIEN: so nguoi lon bua nay du cho,README does not define how to derive meal-level yield/time from component recipes (e.g. min/sum/max/parallel); no business rule is invented.,high,,2,"Ước lượng của AI từ các recipe thành phần: yield=min(yield món), active=sum(active), elapsed=max(max elapsed, sum active) để review; KHÔNG áp dụng vào meal_options.csv. | Đã điền trong bản final 2026-09-18; xem research_log.csv để biết nguồn/phương pháp.",resolved_in_final
meal_options.csv,com_suon_ram_man_canh_cai_thao,activeMinutes,,README does not define how to derive meal-level yield/time from component recipes (e.g. min/sum/max/parallel); no business rule is invented.,high,,35,"Ước lượng của AI từ các recipe thành phần: yield=min(yield món), active=sum(active), elapsed=max(max elapsed, sum active) để review; KHÔNG áp dụng vào meal_options.csv. | Đã điền trong bản final 2026-09-18; xem research_log.csv để biết nguồn/phương pháp.",resolved_in_final
meal_options.csv,com_suon_ram_man_canh_cai_thao,elapsedMinutes,,README does not define how to derive meal-level yield/time from component recipes (e.g. min/sum/max/parallel); no business rule is invented.,high,,60,"Ước lượng của AI từ các recipe thành phần: yield=min(yield món), active=sum(active), elapsed=max(max elapsed, sum active) để review; KHÔNG áp dụng vào meal_options.csv. | Đã điền trong bản final 2026-09-18; xem research_log.csv để biết nguồn/phương pháp.",resolved_in_final
meal_options.csv,com_thit_xao_dau_cove_canh_bi_do,yieldAdultEquivalent,CAN-DIEN: so nguoi lon bua nay du cho,README does not define how to derive meal-level yield/time from component recipes (e.g. min/sum/max/parallel); no business rule is invented.,high,,4,"Ước lượng của AI từ các recipe thành phần: yield=min(yield món), active=sum(active), elapsed=max(max elapsed, sum active) để review; KHÔNG áp dụng vào meal_options.csv. | Đã điền trong bản final 2026-09-18; xem research_log.csv để biết nguồn/phương pháp.",resolved_in_final
meal_options.csv,com_thit_xao_dau_cove_canh_bi_do,activeMinutes,,README does not define how to derive meal-level yield/time from component recipes (e.g. min/sum/max/parallel); no business rule is invented.,high,,30,"Ước lượng của AI từ các recipe thành phần: yield=min(yield món), active=sum(active), elapsed=max(max elapsed, sum active) để review; KHÔNG áp dụng vào meal_options.csv. | Đã điền trong bản final 2026-09-18; xem research_log.csv để biết nguồn/phương pháp.",resolved_in_final
meal_options.csv,com_thit_xao_dau_cove_canh_bi_do,elapsedMinutes,,README does not define how to derive meal-level yield/time from component recipes (e.g. min/sum/max/parallel); no business rule is invented.,high,,35,"Ước lượng của AI từ các recipe thành phần: yield=min(yield món), active=sum(active), elapsed=max(max elapsed, sum active) để review; KHÔNG áp dụng vào meal_options.csv. | Đã điền trong bản final 2026-09-18; xem research_log.csv để biết nguồn/phương pháp.",resolved_in_final
meal_options.csv,com_thit_xao_hanh_tay_rau_den,yieldAdultEquivalent,CAN-DIEN: so nguoi lon bua nay du cho,README does not define how to derive meal-level yield/time from component recipes (e.g. min/sum/max/parallel); no business rule is invented.,high,,1,"Ước lượng của AI từ các recipe thành phần: yield=min(yield món), active=sum(active), elapsed=max(max elapsed, sum active) để review; KHÔNG áp dụng vào meal_options.csv. | Đã điền trong bản final 2026-09-18; xem research_log.csv để biết nguồn/phương pháp.",resolved_in_final
meal_options.csv,com_thit_xao_hanh_tay_rau_den,activeMinutes,,README does not define how to derive meal-level yield/time from component recipes (e.g. min/sum/max/parallel); no business rule is invented.,high,,30,"Ước lượng của AI từ các recipe thành phần: yield=min(yield món), active=sum(active), elapsed=max(max elapsed, sum active) để review; KHÔNG áp dụng vào meal_options.csv. | Đã điền trong bản final 2026-09-18; xem research_log.csv để biết nguồn/phương pháp.",resolved_in_final
meal_options.csv,com_thit_xao_hanh_tay_rau_den,elapsedMinutes,,README does not define how to derive meal-level yield/time from component recipes (e.g. min/sum/max/parallel); no business rule is invented.,high,,30,"Ước lượng của AI từ các recipe thành phần: yield=min(yield món), active=sum(active), elapsed=max(max elapsed, sum active) để review; KHÔNG áp dụng vào meal_options.csv. | Đã điền trong bản final 2026-09-18; xem research_log.csv để biết nguồn/phương pháp.",resolved_in_final
meal_options.csv,com_suon_kho_khoai_tay_cai_ngot,yieldAdultEquivalent,CAN-DIEN: so nguoi lon bua nay du cho,README does not define how to derive meal-level yield/time from component recipes (e.g. min/sum/max/parallel); no business rule is invented.,high,,4,"Ước lượng của AI từ các recipe thành phần: yield=min(yield món), active=sum(active), elapsed=max(max elapsed, sum active) để review; KHÔNG áp dụng vào meal_options.csv. | Đã điền trong bản final 2026-09-18; xem research_log.csv để biết nguồn/phương pháp.",resolved_in_final
meal_options.csv,com_suon_kho_khoai_tay_cai_ngot,activeMinutes,,README does not define how to derive meal-level yield/time from component recipes (e.g. min/sum/max/parallel); no business rule is invented.,high,,40,"Ước lượng của AI từ các recipe thành phần: yield=min(yield món), active=sum(active), elapsed=max(max elapsed, sum active) để review; KHÔNG áp dụng vào meal_options.csv. | Đã điền trong bản final 2026-09-18; xem research_log.csv để biết nguồn/phương pháp.",resolved_in_final
meal_options.csv,com_suon_kho_khoai_tay_cai_ngot,elapsedMinutes,,README does not define how to derive meal-level yield/time from component recipes (e.g. min/sum/max/parallel); no business rule is invented.,high,,50,"Ước lượng của AI từ các recipe thành phần: yield=min(yield món), active=sum(active), elapsed=max(max elapsed, sum active) để review; KHÔNG áp dụng vào meal_options.csv. | Đã điền trong bản final 2026-09-18; xem research_log.csv để biết nguồn/phương pháp.",resolved_in_final
meal_options.csv,com_bo_xao_gia_canh_ca_chua_trung,yieldAdultEquivalent,CAN-DIEN: so nguoi lon bua nay du cho,README does not define how to derive meal-level yield/time from component recipes (e.g. min/sum/max/parallel); no business rule is invented.,high,https://gofood.vn/tin-tuc/cach-lam-thit-bo-xao-gia-do.html,4,"Ước lượng của AI từ các recipe thành phần: yield=min(yield món), active=sum(active), elapsed=max(max elapsed, sum active) để review; KHÔNG áp dụng vào meal_options.csv. | Đã điền trong bản final 2026-09-18; xem research_log.csv để biết nguồn/phương pháp.",resolved_in_final
meal_options.csv,com_bo_xao_gia_canh_ca_chua_trung,activeMinutes,,README does not define how to derive meal-level yield/time from component recipes (e.g. min/sum/max/parallel); no business rule is invented.,high,https://gofood.vn/tin-tuc/cach-lam-thit-bo-xao-gia-do.html,40,"Ước lượng của AI từ các recipe thành phần: yield=min(yield món), active=sum(active), elapsed=max(max elapsed, sum active) để review; KHÔNG áp dụng vào meal_options.csv. | Đã điền trong bản final 2026-09-18; xem research_log.csv để biết nguồn/phương pháp.",resolved_in_final
meal_options.csv,com_bo_xao_gia_canh_ca_chua_trung,elapsedMinutes,,README does not define how to derive meal-level yield/time from component recipes (e.g. min/sum/max/parallel); no business rule is invented.,high,https://gofood.vn/tin-tuc/cach-lam-thit-bo-xao-gia-do.html,40,"Ước lượng của AI từ các recipe thành phần: yield=min(yield món), active=sum(active), elapsed=max(max elapsed, sum active) để review; KHÔNG áp dụng vào meal_options.csv. | Đã điền trong bản final 2026-09-18; xem research_log.csv để biết nguồn/phương pháp.",resolved_in_final
meal_options.csv,com_bo_kho_ca_rot_rau_muong,yieldAdultEquivalent,CAN-DIEN: so nguoi lon bua nay du cho,README does not define how to derive meal-level yield/time from component recipes (e.g. min/sum/max/parallel); no business rule is invented.,high,https://vnexpress.net/doi-song-cooking-cach-luoc-rau-muong-kieu-ha-noi-theo-loi-xua-4752379.html,4,"Ước lượng của AI từ các recipe thành phần: yield=min(yield món), active=sum(active), elapsed=max(max elapsed, sum active) để review; KHÔNG áp dụng vào meal_options.csv. | Đã điền trong bản final 2026-09-18; xem research_log.csv để biết nguồn/phương pháp.",resolved_in_final
meal_options.csv,com_bo_kho_ca_rot_rau_muong,activeMinutes,,README does not define how to derive meal-level yield/time from component recipes (e.g. min/sum/max/parallel); no business rule is invented.,high,https://vnexpress.net/doi-song-cooking-cach-luoc-rau-muong-kieu-ha-noi-theo-loi-xua-4752379.html,55,"Ước lượng của AI từ các recipe thành phần: yield=min(yield món), active=sum(active), elapsed=max(max elapsed, sum active) để review; KHÔNG áp dụng vào meal_options.csv. | Đã điền trong bản final 2026-09-18; xem research_log.csv để biết nguồn/phương pháp.",resolved_in_final
meal_options.csv,com_bo_kho_ca_rot_rau_muong,elapsedMinutes,,README does not define how to derive meal-level yield/time from component recipes (e.g. min/sum/max/parallel); no business rule is invented.,high,https://vnexpress.net/doi-song-cooking-cach-luoc-rau-muong-kieu-ha-noi-theo-loi-xua-4752379.html,115,"Ước lượng của AI từ các recipe thành phần: yield=min(yield món), active=sum(active), elapsed=max(max elapsed, sum active) để review; KHÔNG áp dụng vào meal_options.csv. | Đã điền trong bản final 2026-09-18; xem research_log.csv để biết nguồn/phương pháp.",resolved_in_final
meal_options.csv,com_bo_xao_hanh_tay_muop_xao,yieldAdultEquivalent,CAN-DIEN: so nguoi lon bua nay du cho,README does not define how to derive meal-level yield/time from component recipes (e.g. min/sum/max/parallel); no business rule is invented.,high,,3,"Ước lượng của AI từ các recipe thành phần: yield=min(yield món), active=sum(active), elapsed=max(max elapsed, sum active) để review; KHÔNG áp dụng vào meal_options.csv. | Đã điền trong bản final 2026-09-18; xem research_log.csv để biết nguồn/phương pháp.",resolved_in_final
meal_options.csv,com_bo_xao_hanh_tay_muop_xao,activeMinutes,,README does not define how to derive meal-level yield/time from component recipes (e.g. min/sum/max/parallel); no business rule is invented.,high,,25,"Ước lượng của AI từ các recipe thành phần: yield=min(yield món), active=sum(active), elapsed=max(max elapsed, sum active) để review; KHÔNG áp dụng vào meal_options.csv. | Đã điền trong bản final 2026-09-18; xem research_log.csv để biết nguồn/phương pháp.",resolved_in_final
meal_options.csv,com_bo_xao_hanh_tay_muop_xao,elapsedMinutes,,README does not define how to derive meal-level yield/time from component recipes (e.g. min/sum/max/parallel); no business rule is invented.,high,,55,"Ước lượng của AI từ các recipe thành phần: yield=min(yield món), active=sum(active), elapsed=max(max elapsed, sum active) để review; KHÔNG áp dụng vào meal_options.csv. | Đã điền trong bản final 2026-09-18; xem research_log.csv để biết nguồn/phương pháp.",resolved_in_final
meal_options.csv,com_ca_loc_kho_to_canh_chua,yieldAdultEquivalent,CAN-DIEN: so nguoi lon bua nay du cho,README does not define how to derive meal-level yield/time from component recipes (e.g. min/sum/max/parallel); no business rule is invented.,high,https://cookpad.com/vn/cong-thuc/16530608,3,"Ước lượng của AI từ các recipe thành phần: yield=min(yield món), active=sum(active), elapsed=max(max elapsed, sum active) để review; KHÔNG áp dụng vào meal_options.csv. | Đã điền trong bản final 2026-09-18; xem research_log.csv để biết nguồn/phương pháp.",resolved_in_final
meal_options.csv,com_ca_loc_kho_to_canh_chua,activeMinutes,,README does not define how to derive meal-level yield/time from component recipes (e.g. min/sum/max/parallel); no business rule is invented.,high,https://cookpad.com/vn/cong-thuc/16530608,35,"Ước lượng của AI từ các recipe thành phần: yield=min(yield món), active=sum(active), elapsed=max(max elapsed, sum active) để review; KHÔNG áp dụng vào meal_options.csv. | Đã điền trong bản final 2026-09-18; xem research_log.csv để biết nguồn/phương pháp.",resolved_in_final
meal_options.csv,com_ca_loc_kho_to_canh_chua,elapsedMinutes,,README does not define how to derive meal-level yield/time from component recipes (e.g. min/sum/max/parallel); no business rule is invented.,high,https://cookpad.com/vn/cong-thuc/16530608,60,"Ước lượng của AI từ các recipe thành phần: yield=min(yield món), active=sum(active), elapsed=max(max elapsed, sum active) để review; KHÔNG áp dụng vào meal_options.csv. | Đã điền trong bản final 2026-09-18; xem research_log.csv để biết nguồn/phương pháp.",resolved_in_final
meal_options.csv,com_ca_basa_chien_bap_cai,yieldAdultEquivalent,CAN-DIEN: so nguoi lon bua nay du cho,README does not define how to derive meal-level yield/time from component recipes (e.g. min/sum/max/parallel); no business rule is invented.,high,,3,"Ước lượng của AI từ các recipe thành phần: yield=min(yield món), active=sum(active), elapsed=max(max elapsed, sum active) để review; KHÔNG áp dụng vào meal_options.csv. | Đã điền trong bản final 2026-09-18; xem research_log.csv để biết nguồn/phương pháp.",resolved_in_final
meal_options.csv,com_ca_basa_chien_bap_cai,activeMinutes,,README does not define how to derive meal-level yield/time from component recipes (e.g. min/sum/max/parallel); no business rule is invented.,high,,32,"Ước lượng của AI từ các recipe thành phần: yield=min(yield món), active=sum(active), elapsed=max(max elapsed, sum active) để review; KHÔNG áp dụng vào meal_options.csv. | Đã điền trong bản final 2026-09-18; xem research_log.csv để biết nguồn/phương pháp.",resolved_in_final
meal_options.csv,com_ca_basa_chien_bap_cai,elapsedMinutes,,README does not define how to derive meal-level yield/time from component recipes (e.g. min/sum/max/parallel); no business rule is invented.,high,,32,"Ước lượng của AI từ các recipe thành phần: yield=min(yield món), active=sum(active), elapsed=max(max elapsed, sum active) để review; KHÔNG áp dụng vào meal_options.csv. | Đã điền trong bản final 2026-09-18; xem research_log.csv để biết nguồn/phương pháp.",resolved_in_final
meal_options.csv,com_ca_nuc_kho_ca_chua_rau_den,yieldAdultEquivalent,CAN-DIEN: so nguoi lon bua nay du cho,README does not define how to derive meal-level yield/time from component recipes (e.g. min/sum/max/parallel); no business rule is invented.,high,,1,"Ước lượng của AI từ các recipe thành phần: yield=min(yield món), active=sum(active), elapsed=max(max elapsed, sum active) để review; KHÔNG áp dụng vào meal_options.csv. | Đã điền trong bản final 2026-09-18; xem research_log.csv để biết nguồn/phương pháp.",resolved_in_final
meal_options.csv,com_ca_nuc_kho_ca_chua_rau_den,activeMinutes,,README does not define how to derive meal-level yield/time from component recipes (e.g. min/sum/max/parallel); no business rule is invented.,high,,25,"Ước lượng của AI từ các recipe thành phần: yield=min(yield món), active=sum(active), elapsed=max(max elapsed, sum active) để review; KHÔNG áp dụng vào meal_options.csv. | Đã điền trong bản final 2026-09-18; xem research_log.csv để biết nguồn/phương pháp.",resolved_in_final
meal_options.csv,com_ca_nuc_kho_ca_chua_rau_den,elapsedMinutes,,README does not define how to derive meal-level yield/time from component recipes (e.g. min/sum/max/parallel); no business rule is invented.,high,,35,"Ước lượng của AI từ các recipe thành phần: yield=min(yield món), active=sum(active), elapsed=max(max elapsed, sum active) để review; KHÔNG áp dụng vào meal_options.csv. | Đã điền trong bản final 2026-09-18; xem research_log.csv để biết nguồn/phương pháp.",resolved_in_final
meal_options.csv,com_ca_basa_kho_tieu_su_su,yieldAdultEquivalent,CAN-DIEN: so nguoi lon bua nay du cho,README does not define how to derive meal-level yield/time from component recipes (e.g. min/sum/max/parallel); no business rule is invented.,high,,2,"Ước lượng của AI từ các recipe thành phần: yield=min(yield món), active=sum(active), elapsed=max(max elapsed, sum active) để review; KHÔNG áp dụng vào meal_options.csv. | Đã điền trong bản final 2026-09-18; xem research_log.csv để biết nguồn/phương pháp.",resolved_in_final
meal_options.csv,com_ca_basa_kho_tieu_su_su,activeMinutes,,README does not define how to derive meal-level yield/time from component recipes (e.g. min/sum/max/parallel); no business rule is invented.,high,,35,"Ước lượng của AI từ các recipe thành phần: yield=min(yield món), active=sum(active), elapsed=max(max elapsed, sum active) để review; KHÔNG áp dụng vào meal_options.csv. | Đã điền trong bản final 2026-09-18; xem research_log.csv để biết nguồn/phương pháp.",resolved_in_final
meal_options.csv,com_ca_basa_kho_tieu_su_su,elapsedMinutes,,README does not define how to derive meal-level yield/time from component recipes (e.g. min/sum/max/parallel); no business rule is invented.,high,,40,"Ước lượng của AI từ các recipe thành phần: yield=min(yield món), active=sum(active), elapsed=max(max elapsed, sum active) để review; KHÔNG áp dụng vào meal_options.csv. | Đã điền trong bản final 2026-09-18; xem research_log.csv để biết nguồn/phương pháp.",resolved_in_final
meal_options.csv,com_tom_rim_man_canh_bi_dao,yieldAdultEquivalent,CAN-DIEN: so nguoi lon bua nay du cho,README does not define how to derive meal-level yield/time from component recipes (e.g. min/sum/max/parallel); no business rule is invented.,high,,4,"Ước lượng của AI từ các recipe thành phần: yield=min(yield món), active=sum(active), elapsed=max(max elapsed, sum active) để review; KHÔNG áp dụng vào meal_options.csv. | Đã điền trong bản final 2026-09-18; xem research_log.csv để biết nguồn/phương pháp.",resolved_in_final
meal_options.csv,com_tom_rim_man_canh_bi_dao,activeMinutes,,README does not define how to derive meal-level yield/time from component recipes (e.g. min/sum/max/parallel); no business rule is invented.,high,,65,"Ước lượng của AI từ các recipe thành phần: yield=min(yield món), active=sum(active), elapsed=max(max elapsed, sum active) để review; KHÔNG áp dụng vào meal_options.csv. | Đã điền trong bản final 2026-09-18; xem research_log.csv để biết nguồn/phương pháp.",resolved_in_final
meal_options.csv,com_tom_rim_man_canh_bi_dao,elapsedMinutes,,README does not define how to derive meal-level yield/time from component recipes (e.g. min/sum/max/parallel); no business rule is invented.,high,,65,"Ước lượng của AI từ các recipe thành phần: yield=min(yield món), active=sum(active), elapsed=max(max elapsed, sum active) để review; KHÔNG áp dụng vào meal_options.csv. | Đã điền trong bản final 2026-09-18; xem research_log.csv để biết nguồn/phương pháp.",resolved_in_final
meal_options.csv,com_tom_xao_bi_dao_cai_ngot,yieldAdultEquivalent,CAN-DIEN: so nguoi lon bua nay du cho,README does not define how to derive meal-level yield/time from component recipes (e.g. min/sum/max/parallel); no business rule is invented.,high,,2,"Ước lượng của AI từ các recipe thành phần: yield=min(yield món), active=sum(active), elapsed=max(max elapsed, sum active) để review; KHÔNG áp dụng vào meal_options.csv. | Đã điền trong bản final 2026-09-18; xem research_log.csv để biết nguồn/phương pháp.",resolved_in_final
meal_options.csv,com_tom_xao_bi_dao_cai_ngot,activeMinutes,,README does not define how to derive meal-level yield/time from component recipes (e.g. min/sum/max/parallel); no business rule is invented.,high,,20,"Ước lượng của AI từ các recipe thành phần: yield=min(yield món), active=sum(active), elapsed=max(max elapsed, sum active) để review; KHÔNG áp dụng vào meal_options.csv. | Đã điền trong bản final 2026-09-18; xem research_log.csv để biết nguồn/phương pháp.",resolved_in_final
meal_options.csv,com_tom_xao_bi_dao_cai_ngot,elapsedMinutes,,README does not define how to derive meal-level yield/time from component recipes (e.g. min/sum/max/parallel); no business rule is invented.,high,,30,"Ước lượng của AI từ các recipe thành phần: yield=min(yield món), active=sum(active), elapsed=max(max elapsed, sum active) để review; KHÔNG áp dụng vào meal_options.csv. | Đã điền trong bản final 2026-09-18; xem research_log.csv để biết nguồn/phương pháp.",resolved_in_final
meal_options.csv,com_muc_xao_ca_chua_rau_muong,yieldAdultEquivalent,CAN-DIEN: so nguoi lon bua nay du cho,README does not define how to derive meal-level yield/time from component recipes (e.g. min/sum/max/parallel); no business rule is invented.,high,,4,"Ước lượng của AI từ các recipe thành phần: yield=min(yield món), active=sum(active), elapsed=max(max elapsed, sum active) để review; KHÔNG áp dụng vào meal_options.csv. | Đã điền trong bản final 2026-09-18; xem research_log.csv để biết nguồn/phương pháp.",resolved_in_final
meal_options.csv,com_muc_xao_ca_chua_rau_muong,activeMinutes,,README does not define how to derive meal-level yield/time from component recipes (e.g. min/sum/max/parallel); no business rule is invented.,high,,27,"Ước lượng của AI từ các recipe thành phần: yield=min(yield món), active=sum(active), elapsed=max(max elapsed, sum active) để review; KHÔNG áp dụng vào meal_options.csv. | Đã điền trong bản final 2026-09-18; xem research_log.csv để biết nguồn/phương pháp.",resolved_in_final
meal_options.csv,com_muc_xao_ca_chua_rau_muong,elapsedMinutes,,README does not define how to derive meal-level yield/time from component recipes (e.g. min/sum/max/parallel); no business rule is invented.,high,,30,"Ước lượng của AI từ các recipe thành phần: yield=min(yield món), active=sum(active), elapsed=max(max elapsed, sum active) để review; KHÔNG áp dụng vào meal_options.csv. | Đã điền trong bản final 2026-09-18; xem research_log.csv để biết nguồn/phương pháp.",resolved_in_final
meal_options.csv,com_trung_chien_hanh_canh_bi_do,yieldAdultEquivalent,CAN-DIEN: so nguoi lon bua nay du cho,README does not define how to derive meal-level yield/time from component recipes (e.g. min/sum/max/parallel); no business rule is invented.,high,,3,"Ước lượng của AI từ các recipe thành phần: yield=min(yield món), active=sum(active), elapsed=max(max elapsed, sum active) để review; KHÔNG áp dụng vào meal_options.csv. | Đã điền trong bản final 2026-09-18; xem research_log.csv để biết nguồn/phương pháp.",resolved_in_final
meal_options.csv,com_trung_chien_hanh_canh_bi_do,activeMinutes,,README does not define how to derive meal-level yield/time from component recipes (e.g. min/sum/max/parallel); no business rule is invented.,high,,30,"Ước lượng của AI từ các recipe thành phần: yield=min(yield món), active=sum(active), elapsed=max(max elapsed, sum active) để review; KHÔNG áp dụng vào meal_options.csv. | Đã điền trong bản final 2026-09-18; xem research_log.csv để biết nguồn/phương pháp.",resolved_in_final
meal_options.csv,com_trung_chien_hanh_canh_bi_do,elapsedMinutes,,README does not define how to derive meal-level yield/time from component recipes (e.g. min/sum/max/parallel); no business rule is invented.,high,,35,"Ước lượng của AI từ các recipe thành phần: yield=min(yield món), active=sum(active), elapsed=max(max elapsed, sum active) để review; KHÔNG áp dụng vào meal_options.csv. | Đã điền trong bản final 2026-09-18; xem research_log.csv để biết nguồn/phương pháp.",resolved_in_final
meal_options.csv,com_trung_chien_thit_bam_bap_cai,yieldAdultEquivalent,CAN-DIEN: so nguoi lon bua nay du cho,README does not define how to derive meal-level yield/time from component recipes (e.g. min/sum/max/parallel); no business rule is invented.,high,,1,"Ước lượng của AI từ các recipe thành phần: yield=min(yield món), active=sum(active), elapsed=max(max elapsed, sum active) để review; KHÔNG áp dụng vào meal_options.csv. | Đã điền trong bản final 2026-09-18; xem research_log.csv để biết nguồn/phương pháp.",resolved_in_final
meal_options.csv,com_trung_chien_thit_bam_bap_cai,activeMinutes,,README does not define how to derive meal-level yield/time from component recipes (e.g. min/sum/max/parallel); no business rule is invented.,high,,27,"Ước lượng của AI từ các recipe thành phần: yield=min(yield món), active=sum(active), elapsed=max(max elapsed, sum active) để review; KHÔNG áp dụng vào meal_options.csv. | Đã điền trong bản final 2026-09-18; xem research_log.csv để biết nguồn/phương pháp.",resolved_in_final
meal_options.csv,com_trung_chien_thit_bam_bap_cai,elapsedMinutes,,README does not define how to derive meal-level yield/time from component recipes (e.g. min/sum/max/parallel); no business rule is invented.,high,,30,"Ước lượng của AI từ các recipe thành phần: yield=min(yield món), active=sum(active), elapsed=max(max elapsed, sum active) để review; KHÔNG áp dụng vào meal_options.csv. | Đã điền trong bản final 2026-09-18; xem research_log.csv để biết nguồn/phương pháp.",resolved_in_final
meal_options.csv,com_dau_hu_sot_ca_chua_rau_muong,yieldAdultEquivalent,CAN-DIEN: so nguoi lon bua nay du cho,README does not define how to derive meal-level yield/time from component recipes (e.g. min/sum/max/parallel); no business rule is invented.,high,https://vnexpress.net/doi-song-cooking-cach-luoc-rau-muong-kieu-ha-noi-theo-loi-xua-4752379.html,4,"Ước lượng của AI từ các recipe thành phần: yield=min(yield món), active=sum(active), elapsed=max(max elapsed, sum active) để review; KHÔNG áp dụng vào meal_options.csv. | Đã điền trong bản final 2026-09-18; xem research_log.csv để biết nguồn/phương pháp.",resolved_in_final
meal_options.csv,com_dau_hu_sot_ca_chua_rau_muong,activeMinutes,,README does not define how to derive meal-level yield/time from component recipes (e.g. min/sum/max/parallel); no business rule is invented.,high,https://vnexpress.net/doi-song-cooking-cach-luoc-rau-muong-kieu-ha-noi-theo-loi-xua-4752379.html,30,"Ước lượng của AI từ các recipe thành phần: yield=min(yield món), active=sum(active), elapsed=max(max elapsed, sum active) để review; KHÔNG áp dụng vào meal_options.csv. | Đã điền trong bản final 2026-09-18; xem research_log.csv để biết nguồn/phương pháp.",resolved_in_final
meal_options.csv,com_dau_hu_sot_ca_chua_rau_muong,elapsedMinutes,,README does not define how to derive meal-level yield/time from component recipes (e.g. min/sum/max/parallel); no business rule is invented.,high,https://vnexpress.net/doi-song-cooking-cach-luoc-rau-muong-kieu-ha-noi-theo-loi-xua-4752379.html,35,"Ước lượng của AI từ các recipe thành phần: yield=min(yield món), active=sum(active), elapsed=max(max elapsed, sum active) để review; KHÔNG áp dụng vào meal_options.csv. | Đã điền trong bản final 2026-09-18; xem research_log.csv để biết nguồn/phương pháp.",resolved_in_final
meal_options.csv,com_dau_hu_chien_sa_cai_ngot,yieldAdultEquivalent,CAN-DIEN: so nguoi lon bua nay du cho,README does not define how to derive meal-level yield/time from component recipes (e.g. min/sum/max/parallel); no business rule is invented.,high,,2,"Ước lượng của AI từ các recipe thành phần: yield=min(yield món), active=sum(active), elapsed=max(max elapsed, sum active) để review; KHÔNG áp dụng vào meal_options.csv. | Đã điền trong bản final 2026-09-18; xem research_log.csv để biết nguồn/phương pháp.",resolved_in_final
meal_options.csv,com_dau_hu_chien_sa_cai_ngot,activeMinutes,,README does not define how to derive meal-level yield/time from component recipes (e.g. min/sum/max/parallel); no business rule is invented.,high,,25,"Ước lượng của AI từ các recipe thành phần: yield=min(yield món), active=sum(active), elapsed=max(max elapsed, sum active) để review; KHÔNG áp dụng vào meal_options.csv. | Đã điền trong bản final 2026-09-18; xem research_log.csv để biết nguồn/phương pháp.",resolved_in_final
meal_options.csv,com_dau_hu_chien_sa_cai_ngot,elapsedMinutes,,README does not define how to derive meal-level yield/time from component recipes (e.g. min/sum/max/parallel); no business rule is invented.,high,,30,"Ước lượng của AI từ các recipe thành phần: yield=min(yield món), active=sum(active), elapsed=max(max elapsed, sum active) để review; KHÔNG áp dụng vào meal_options.csv. | Đã điền trong bản final 2026-09-18; xem research_log.csv để biết nguồn/phương pháp.",resolved_in_final
meal_options.csv,com_dau_hu_kho_nam_muop_xao,yieldAdultEquivalent,CAN-DIEN: so nguoi lon bua nay du cho,README does not define how to derive meal-level yield/time from component recipes (e.g. min/sum/max/parallel); no business rule is invented.,high,,3,"Ước lượng của AI từ các recipe thành phần: yield=min(yield món), active=sum(active), elapsed=max(max elapsed, sum active) để review; KHÔNG áp dụng vào meal_options.csv. | Đã điền trong bản final 2026-09-18; xem research_log.csv để biết nguồn/phương pháp.",resolved_in_final
meal_options.csv,com_dau_hu_kho_nam_muop_xao,activeMinutes,,README does not define how to derive meal-level yield/time from component recipes (e.g. min/sum/max/parallel); no business rule is invented.,high,,30,"Ước lượng của AI từ các recipe thành phần: yield=min(yield món), active=sum(active), elapsed=max(max elapsed, sum active) để review; KHÔNG áp dụng vào meal_options.csv. | Đã điền trong bản final 2026-09-18; xem research_log.csv để biết nguồn/phương pháp.",resolved_in_final
meal_options.csv,com_dau_hu_kho_nam_muop_xao,elapsedMinutes,,README does not define how to derive meal-level yield/time from component recipes (e.g. min/sum/max/parallel); no business rule is invented.,high,,30,"Ước lượng của AI từ các recipe thành phần: yield=min(yield món), active=sum(active), elapsed=max(max elapsed, sum active) để review; KHÔNG áp dụng vào meal_options.csv. | Đã điền trong bản final 2026-09-18; xem research_log.csv để biết nguồn/phương pháp.",resolved_in_final
food_nutrients.csv,bap_cai,provenance,,Đã rà soát nguồn ưu tiên nhưng chưa xác minh được một nguồn mạnh hơn cung cấp đồng thời đủ 6 chỉ tiêu đúng food match; giữ dữ liệu cũ thay vì ghép nguồn/đoán.,medium,https://dulieuphapluat.vn/cong-cu/gia-tri-dinh-duong-thuc-pham/cai-bap-trang-tuoi.html,needs source review,Mức 1: không tự thay số nếu chưa có trang cụ thể chứa đủ dữ liệu cần dùng.,needs_human
food_nutrients.csv,bi_dao,provenance,,Đã rà soát nguồn ưu tiên nhưng chưa xác minh được một nguồn mạnh hơn cung cấp đồng thời đủ 6 chỉ tiêu đúng food match; giữ dữ liệu cũ thay vì ghép nguồn/đoán.,medium,https://dulieuphapluat.vn/cong-cu/gia-tri-dinh-duong-thuc-pham/qua-bi-dao-bi-xanh-tuoi.html,needs source review,Mức 1: không tự thay số nếu chưa có trang cụ thể chứa đủ dữ liệu cần dùng.,needs_human
food_nutrients.csv,ca_basa,provenance,,Đã rà soát nguồn ưu tiên nhưng chưa xác minh được một nguồn mạnh hơn cung cấp đồng thời đủ 6 chỉ tiêu đúng food match; giữ dữ liệu cũ thay vì ghép nguồn/đoán.,high,https://dulieuphapluat.vn/cong-cu/gia-tri-dinh-duong-thuc-pham/ca-basa-tuoi.html,needs source review,Mức 1: không tự thay số nếu chưa có trang cụ thể chứa đủ dữ liệu cần dùng.,needs_human
food_nutrients.csv,ca_loc,provenance,,Đã rà soát nguồn ưu tiên nhưng chưa xác minh được một nguồn mạnh hơn cung cấp đồng thời đủ 6 chỉ tiêu đúng food match; giữ dữ liệu cũ thay vì ghép nguồn/đoán.,high,https://dulieuphapluat.vn/cong-cu/gia-tri-dinh-duong-thuc-pham/ca-qua-tuoi.html,needs source review,Mức 1: không tự thay số nếu chưa có trang cụ thể chứa đủ dữ liệu cần dùng.,needs_human
food_nutrients.csv,ca_nuc,provenance,,Đã rà soát nguồn ưu tiên nhưng chưa xác minh được một nguồn mạnh hơn cung cấp đồng thời đủ 6 chỉ tiêu đúng food match; giữ dữ liệu cũ thay vì ghép nguồn/đoán.,high,https://dulieuphapluat.vn/cong-cu/gia-tri-dinh-duong-thuc-pham/ca-nuc-tuoi.html,needs source review,Mức 1: không tự thay số nếu chưa có trang cụ thể chứa đủ dữ liệu cần dùng.,needs_human
food_nutrients.csv,ca_rot,provenance,,Đã rà soát nguồn ưu tiên nhưng chưa xác minh được một nguồn mạnh hơn cung cấp đồng thời đủ 6 chỉ tiêu đúng food match; giữ dữ liệu cũ thay vì ghép nguồn/đoán.,medium,https://dulieuphapluat.vn/cong-cu/gia-tri-dinh-duong-thuc-pham/cu-ca-rot-tuoi.html,needs source review,Mức 1: không tự thay số nếu chưa có trang cụ thể chứa đủ dữ liệu cần dùng.,needs_human
food_nutrients.csv,cai_ngot,provenance,,Đã rà soát nguồn ưu tiên nhưng chưa xác minh được một nguồn mạnh hơn cung cấp đồng thời đủ 6 chỉ tiêu đúng food match; giữ dữ liệu cũ thay vì ghép nguồn/đoán.,medium,https://dulieuphapluat.vn/cong-cu/gia-tri-dinh-duong-thuc-pham/rau-cai-ngot-tuoi.html,needs source review,Mức 1: không tự thay số nếu chưa có trang cụ thể chứa đủ dữ liệu cần dùng.,needs_human
food_nutrients.csv,cai_thao,provenance,,Đã rà soát nguồn ưu tiên nhưng chưa xác minh được một nguồn mạnh hơn cung cấp đồng thời đủ 6 chỉ tiêu đúng food match; giữ dữ liệu cũ thay vì ghép nguồn/đoán.,medium,https://dulieuphapluat.vn/cong-cu/gia-tri-dinh-duong-thuc-pham/rau-cai-thao-tuoi.html,needs source review,Mức 1: không tự thay số nếu chưa có trang cụ thể chứa đủ dữ liệu cần dùng.,needs_human
food_nutrients.csv,dau_an,provenance,,Đã rà soát nguồn ưu tiên nhưng chưa xác minh được một nguồn mạnh hơn cung cấp đồng thời đủ 6 chỉ tiêu đúng food match; giữ dữ liệu cũ thay vì ghép nguồn/đoán.,medium,https://dulieuphapluat.vn/cong-cu/gia-tri-dinh-duong-thuc-pham/dau-dau-tuong.html,needs source review,Mức 1: không tự thay số nếu chưa có trang cụ thể chứa đủ dữ liệu cần dùng.,needs_human
food_nutrients.csv,dau_cove,provenance,,Đã rà soát nguồn ưu tiên nhưng chưa xác minh được một nguồn mạnh hơn cung cấp đồng thời đủ 6 chỉ tiêu đúng food match; giữ dữ liệu cũ thay vì ghép nguồn/đoán.,medium,https://dulieuphapluat.vn/cong-cu/gia-tri-dinh-duong-thuc-pham/dau-co-ve-qua-tuoi.html,needs source review,Mức 1: không tự thay số nếu chưa có trang cụ thể chứa đủ dữ liệu cần dùng.,needs_human
food_nutrients.csv,dau_hu_trang,provenance,,Đã rà soát nguồn ưu tiên nhưng chưa xác minh được một nguồn mạnh hơn cung cấp đồng thời đủ 6 chỉ tiêu đúng food match; giữ dữ liệu cũ thay vì ghép nguồn/đoán.,medium,https://dulieuphapluat.vn/cong-cu/gia-tri-dinh-duong-thuc-pham/dau-phu-song.html,needs source review,Mức 1: không tự thay số nếu chưa có trang cụ thể chứa đủ dữ liệu cần dùng.,needs_human
food_nutrients.csv,duong_cat,provenance,,Đã rà soát nguồn ưu tiên nhưng chưa xác minh được một nguồn mạnh hơn cung cấp đồng thời đủ 6 chỉ tiêu đúng food match; giữ dữ liệu cũ thay vì ghép nguồn/đoán.,medium,https://dulieuphapluat.vn/cong-cu/gia-tri-dinh-duong-thuc-pham/duong-cat.html,needs source review,Mức 1: không tự thay số nếu chưa có trang cụ thể chứa đủ dữ liệu cần dùng.,needs_human
food_nutrients.csv,hanh_la,provenance,,Đã rà soát nguồn ưu tiên nhưng chưa xác minh được một nguồn mạnh hơn cung cấp đồng thời đủ 6 chỉ tiêu đúng food match; giữ dữ liệu cũ thay vì ghép nguồn/đoán.,medium,https://dulieuphapluat.vn/cong-cu/gia-tri-dinh-duong-thuc-pham/hanh-la-hanh-hoa-tuoi.html,needs source review,Mức 1: không tự thay số nếu chưa có trang cụ thể chứa đủ dữ liệu cần dùng.,needs_human
food_nutrients.csv,hanh_tim,provenance,,Đã rà soát nguồn ưu tiên nhưng chưa xác minh được một nguồn mạnh hơn cung cấp đồng thời đủ 6 chỉ tiêu đúng food match; giữ dữ liệu cũ thay vì ghép nguồn/đoán.,medium,https://fdc.nal.usda.gov/download-datasets/,needs source review,Mức 1: không tự thay số nếu chưa có trang cụ thể chứa đủ dữ liệu cần dùng.,needs_human
food_nutrients.csv,muoi,provenance,,Đã rà soát nguồn ưu tiên nhưng chưa xác minh được một nguồn mạnh hơn cung cấp đồng thời đủ 6 chỉ tiêu đúng food match; giữ dữ liệu cũ thay vì ghép nguồn/đoán.,medium,https://dulieuphapluat.vn/cong-cu/gia-tri-dinh-duong-thuc-pham/muoi.html,needs source review,Mức 1: không tự thay số nếu chưa có trang cụ thể chứa đủ dữ liệu cần dùng.,needs_human
food_nutrients.csv,muop_huong,provenance,,Đã rà soát nguồn ưu tiên nhưng chưa xác minh được một nguồn mạnh hơn cung cấp đồng thời đủ 6 chỉ tiêu đúng food match; giữ dữ liệu cũ thay vì ghép nguồn/đoán.,medium,https://dulieuphapluat.vn/cong-cu/gia-tri-dinh-duong-thuc-pham/muop-tuoi.html,needs source review,Mức 1: không tự thay số nếu chưa có trang cụ thể chứa đủ dữ liệu cần dùng.,needs_human
food_nutrients.csv,nam_rom,provenance,,"Đã bỏ natri 73 mg lấy từ blog cây giống; nguồn Việt Nam đúng thực phẩm không công bố natri, nên trả về chưa biết.",medium,https://dulieuphapluat.vn/cong-cu/gia-tri-dinh-duong-thuc-pham/nam-rom-tuoi.html,Giữ 5 chỉ tiêu có nguồn Việt Nam; sodium_mg để trống.,Mức 1: không tự thay số nếu chưa có trang cụ thể chứa đủ dữ liệu cần dùng. | Đã điền trong bản final 2026-09-18; xem research_log.csv để biết nguồn/phương pháp.,resolved_in_final
food_nutrients.csv,nuoc_tuong,provenance,,Đã rà soát nguồn ưu tiên nhưng chưa xác minh được một nguồn mạnh hơn cung cấp đồng thời đủ 6 chỉ tiêu đúng food match; giữ dữ liệu cũ thay vì ghép nguồn/đoán.,medium,https://dulieuphapluat.vn/cong-cu/gia-tri-dinh-duong-thuc-pham/xi-dau.html,needs source review,Mức 1: không tự thay số nếu chưa có trang cụ thể chứa đủ dữ liệu cần dùng.,needs_human
food_nutrients.csv,ot_hiem,provenance,,Đã rà soát nguồn ưu tiên nhưng chưa xác minh được một nguồn mạnh hơn cung cấp đồng thời đủ 6 chỉ tiêu đúng food match; giữ dữ liệu cũ thay vì ghép nguồn/đoán.,medium,https://fdc.nal.usda.gov/download-datasets/,needs source review,Mức 1: không tự thay số nếu chưa có trang cụ thể chứa đủ dữ liệu cần dùng.,needs_human
food_nutrients.csv,rau_den,provenance,,Đã rà soát nguồn ưu tiên nhưng chưa xác minh được một nguồn mạnh hơn cung cấp đồng thời đủ 6 chỉ tiêu đúng food match; giữ dữ liệu cũ thay vì ghép nguồn/đoán.,medium,https://fdc.nal.usda.gov/download-datasets/,needs source review,Mức 1: không tự thay số nếu chưa có trang cụ thể chứa đủ dữ liệu cần dùng.,needs_human
food_nutrients.csv,sa,provenance,,"Tìm thấy trang Bảng thành phần thực phẩm Việt Nam cho sả nhưng energy=1 kcal trong khi protein 0.8g, carb 16.5g, fat 1g khiến Atwater lệch rất lớn; không áp dụng.",medium,https://dulieuphapluat.vn/cong-cu/gia-tri-dinh-duong-thuc-pham/sa.html,Không đổi dữ liệu; cần người xác minh bản gốc/errata.,Mức 1: không tự thay số nếu chưa có trang cụ thể chứa đủ dữ liệu cần dùng.,needs_human
food_nutrients.csv,su_su,provenance,,Đã rà soát nguồn ưu tiên nhưng chưa xác minh được một nguồn mạnh hơn cung cấp đồng thời đủ 6 chỉ tiêu đúng food match; giữ dữ liệu cũ thay vì ghép nguồn/đoán.,medium,https://dulieuphapluat.vn/cong-cu/gia-tri-dinh-duong-thuc-pham/qua-su-su-tuoi.html,needs source review,Mức 1: không tự thay số nếu chưa có trang cụ thể chứa đủ dữ liệu cần dùng.,needs_human
food_nutrients.csv,thit_ba_chi,provenance,,Đã rà soát nguồn ưu tiên nhưng chưa xác minh được một nguồn mạnh hơn cung cấp đồng thời đủ 6 chỉ tiêu đúng food match; giữ dữ liệu cũ thay vì ghép nguồn/đoán.,high,https://fdc.nal.usda.gov/download-datasets/,needs source review,Mức 1: không tự thay số nếu chưa có trang cụ thể chứa đủ dữ liệu cần dùng.,needs_human
food_nutrients.csv,thit_bo_bap,provenance,,Đã rà soát nguồn ưu tiên nhưng chưa xác minh được một nguồn mạnh hơn cung cấp đồng thời đủ 6 chỉ tiêu đúng food match; giữ dữ liệu cũ thay vì ghép nguồn/đoán.,high,https://dulieuphapluat.vn/cong-cu/gia-tri-dinh-duong-thuc-pham/thit-bo-bap-song.html,needs source review,Mức 1: không tự thay số nếu chưa có trang cụ thể chứa đủ dữ liệu cần dùng.,needs_human
food_nutrients.csv,thit_bo_xay,provenance,,Đã rà soát nguồn ưu tiên nhưng chưa xác minh được một nguồn mạnh hơn cung cấp đồng thời đủ 6 chỉ tiêu đúng food match; giữ dữ liệu cũ thay vì ghép nguồn/đoán.,high,https://fdc.nal.usda.gov/download-datasets/,needs source review,Mức 1: không tự thay số nếu chưa có trang cụ thể chứa đủ dữ liệu cần dùng.,needs_human
food_nutrients.csv,thit_nac_vai,provenance,,Đã rà soát nguồn ưu tiên nhưng chưa xác minh được một nguồn mạnh hơn cung cấp đồng thời đủ 6 chỉ tiêu đúng food match; giữ dữ liệu cũ thay vì ghép nguồn/đoán.,high,https://dulieuphapluat.vn/cong-cu/gia-tri-dinh-duong-thuc-pham/thit-lon-nac-vai-tuoi.html,needs source review,Mức 1: không tự thay số nếu chưa có trang cụ thể chứa đủ dữ liệu cần dùng.,needs_human
food_nutrients.csv,tom_the,provenance,,Đã rà soát nguồn ưu tiên nhưng chưa xác minh được một nguồn mạnh hơn cung cấp đồng thời đủ 6 chỉ tiêu đúng food match; giữ dữ liệu cũ thay vì ghép nguồn/đoán.,high,https://fdc.nal.usda.gov/download-datasets/,needs source review,Mức 1: không tự thay số nếu chưa có trang cụ thể chứa đủ dữ liệu cần dùng.,needs_human
food_nutrients.csv,trung_ga,provenance,,Đã rà soát nguồn ưu tiên nhưng chưa xác minh được một nguồn mạnh hơn cung cấp đồng thời đủ 6 chỉ tiêu đúng food match; giữ dữ liệu cũ thay vì ghép nguồn/đoán.,medium,https://dulieuphapluat.vn/cong-cu/gia-tri-dinh-duong-thuc-pham/trung-ga-ta.html,needs source review,Mức 1: không tự thay số nếu chưa có trang cụ thể chứa đủ dữ liệu cần dùng.,needs_human
prices.csv,ga_ta,saleStepBaseQuantity,,Loose sale step is not established by a kg quote or a product size.,medium,https://winmart.vn/products/3f-ga-ta--s10620356,,Keep original fixed-quote semantics; obtain evidence before a separate loose price-book publication.,needs_source_for_loose_offer
prices.csv,thit_ba_chi,saleStepBaseQuantity,,Loose sale step is not established by a kg quote or a product size.,medium,https://cooponline.vn/ba-roi-heo-chuan-ngon-s-kg--s250108623,,Keep original fixed-quote semantics; obtain evidence before a separate loose price-book publication.,needs_source_for_loose_offer
prices.csv,thit_nac_vai,saleStepBaseQuantity,,Loose sale step is not established by a kg quote or a product size.,medium,https://cooponline.vn/nac-vai-heo-hm--s250515714,,Keep original fixed-quote semantics; obtain evidence before a separate loose price-book publication.,needs_source_for_loose_offer
prices.csv,suon_heo,saleStepBaseQuantity,,Loose sale step is not established by a kg quote or a product size.,medium,https://cooponline.vn/suon-non-heo-dong-lanh--s250515385,,Keep original fixed-quote semantics; obtain evidence before a separate loose price-book publication.,needs_source_for_loose_offer
prices.csv,thit_bo_bap,saleStepBaseQuantity,,Loose sale step is not established by a kg quote or a product size.,medium,https://cooponline.vn/search?router=productListing&query=Th%E1%BB%8Bt+b%E1%BA%AFp+b%C3%B2,,Keep original fixed-quote semantics; obtain evidence before a separate loose price-book publication.,needs_source_for_loose_offer
prices.csv,thit_bo_xay,saleStepBaseQuantity,,Loose sale step is not established by a kg quote or a product size.,medium,https://cooponline.vn/thit-bo-xay-200g-hdt990-f--s250515402,,Keep original fixed-quote semantics; obtain evidence before a separate loose price-book publication.,needs_source_for_loose_offer
prices.csv,ca_loc,saleStepBaseQuantity,,Loose sale step is not established by a kg quote or a product size.,medium,https://cooponline.vn/c/ca,,Keep original fixed-quote semantics; obtain evidence before a separate loose price-book publication.,needs_source_for_loose_offer
prices.csv,ca_basa,saleStepBaseQuantity,,Loose sale step is not established by a kg quote or a product size.,medium,https://cooponline.vn/ca-basa-khong-dau--s250106285,,Keep original fixed-quote semantics; obtain evidence before a separate loose price-book publication.,needs_source_for_loose_offer
prices.csv,ca_nuc,saleStepBaseQuantity,,Loose sale step is not established by a kg quote or a product size.,medium,https://cooponline.vn/ca-nuc--s250107383,,Keep original fixed-quote semantics; obtain evidence before a separate loose price-book publication.,needs_source_for_loose_offer
prices.csv,tom_the,saleStepBaseQuantity,,Loose sale step is not established by a kg quote or a product size.,medium,https://www.bachhoaxanh.com/ca-tom-muc-ech/tom-nuong-muoi-ot,,Keep original fixed-quote semantics; obtain evidence before a separate loose price-book publication.,needs_source_for_loose_offer
prices.csv,muc_ong,saleStepBaseQuantity,,Loose sale step is not established by a kg quote or a product size.,medium,https://www.bachhoaxanh.com/ca-tom-muc-ech/muc-ong-nc-khay-250g,,Keep original fixed-quote semantics; obtain evidence before a separate loose price-book publication.,needs_source_for_loose_offer
prices.csv,trung_ga,saleStepBaseQuantity,,Loose sale step is not established by a kg quote or a product size.,medium,https://www.bachhoaxanh.com/trung/hop-10-trung-ga-tuoi-tfood,,Keep original fixed-quote semantics; obtain evidence before a separate loose price-book publication.,needs_source_for_loose_offer
prices.csv,dau_hu_trang,saleStepBaseQuantity,,Loose sale step is not established by a kg quote or a product size.,medium,https://www.bachhoaxanh.com/do-chua-dua-muoi/dau-hu-trang-fuji-san-ichiban-cay-220g,,Keep original fixed-quote semantics; obtain evidence before a separate loose price-book publication.,needs_source_for_loose_offer
prices.csv,gao_te,saleStepBaseQuantity,,Loose sale step is not established by a kg quote or a product size.,medium,https://cooponline.vn/gao-thom-lang-ta-vua-gao-5kg--s250108994,,Keep original fixed-quote semantics; obtain evidence before a separate loose price-book publication.,needs_source_for_loose_offer
prices.csv,rau_muong,saleStepBaseQuantity,,Loose sale step is not established by a kg quote or a product size.,medium,https://www.bachhoaxanh.com/rau-sach/combo-rau-muong-xao-toi,,Keep original fixed-quote semantics; obtain evidence before a separate loose price-book publication.,needs_source_for_loose_offer
prices.csv,cai_ngot,saleStepBaseQuantity,,Loose sale step is not established by a kg quote or a product size.,medium,https://www.bachhoaxanh.com/rau-cu-trai-cay,,Keep original fixed-quote semantics; obtain evidence before a separate loose price-book publication.,needs_source_for_loose_offer
prices.csv,cai_thao,saleStepBaseQuantity,,Loose sale step is not established by a kg quote or a product size.,medium,https://cooponline.vn/bap-cai-thao-giong-dai-loan--s250108579,,Keep original fixed-quote semantics; obtain evidence before a separate loose price-book publication.,needs_source_for_loose_offer
prices.csv,bap_cai,saleStepBaseQuantity,,Loose sale step is not established by a kg quote or a product size.,medium,https://cooponline.vn/bap-cai-trang-coop-select-kg-tnx--s250100546,,Keep original fixed-quote semantics; obtain evidence before a separate loose price-book publication.,needs_source_for_loose_offer
prices.csv,rau_den,saleStepBaseQuantity,,Loose sale step is not established by a kg quote or a product size.,medium,https://www.bachhoaxanh.com/rau-sach/rau-den-goi-300g,,Keep original fixed-quote semantics; obtain evidence before a separate loose price-book publication.,needs_source_for_loose_offer
prices.csv,bi_dao,saleStepBaseQuantity,,Loose sale step is not established by a kg quote or a product size.,medium,https://cooponline.vn/bi-dao-coop-select-kg--s250100669,,Keep original fixed-quote semantics; obtain evidence before a separate loose price-book publication.,needs_source_for_loose_offer
prices.csv,bi_do,saleStepBaseQuantity,,Loose sale step is not established by a kg quote or a product size.,medium,https://cooponline.vn/bi-do-tron--s250107834,,Keep original fixed-quote semantics; obtain evidence before a separate loose price-book publication.,needs_source_for_loose_offer
prices.csv,muop_huong,saleStepBaseQuantity,,Loose sale step is not established by a kg quote or a product size.,medium,https://cooponline.vn/muop-huong-coop-select-kg--s250100672,,Keep original fixed-quote semantics; obtain evidence before a separate loose price-book publication.,needs_source_for_loose_offer
prices.csv,su_su,saleStepBaseQuantity,,Loose sale step is not established by a kg quote or a product size.,medium,https://cooponline.vn/su-su-kg--s250105954,,Keep original fixed-quote semantics; obtain evidence before a separate loose price-book publication.,needs_source_for_loose_offer
prices.csv,ca_chua,saleStepBaseQuantity,,Loose sale step is not established by a kg quote or a product size.,medium,https://www.bachhoaxanh.com/cu/hanh-tay-300gr,,Keep original fixed-quote semantics; obtain evidence before a separate loose price-book publication.,needs_source_for_loose_offer
prices.csv,ca_rot,saleStepBaseQuantity,,Loose sale step is not established by a kg quote or a product size.,medium,https://www.bachhoaxanh.com/cu/hanh-tay-300gr,,Keep original fixed-quote semantics; obtain evidence before a separate loose price-book publication.,needs_source_for_loose_offer
prices.csv,khoai_tay,saleStepBaseQuantity,,Loose sale step is not established by a kg quote or a product size.,medium,https://cooponline.vn/tin-tuc/khoai-tay-vang-voi-khoai-tay-trang-loai-nao-de-chien-lam-sup,,Keep original fixed-quote semantics; obtain evidence before a separate loose price-book publication.,needs_source_for_loose_offer
prices.csv,dau_cove,saleStepBaseQuantity,,Loose sale step is not established by a kg quote or a product size.,medium,https://cooponline.vn/dau-cove-co-op-organic-300g-ql--s250105264,,Keep original fixed-quote semantics; obtain evidence before a separate loose price-book publication.,needs_source_for_loose_offer
prices.csv,gia_do,saleStepBaseQuantity,,Loose sale step is not established by a kg quote or a product size.,medium,https://www.bachhoaxanh.com/rau-sach/gia-dau-xanh-tui-300g,,Keep original fixed-quote semantics; obtain evidence before a separate loose price-book publication.,needs_source_for_loose_offer
prices.csv,nam_rom,saleStepBaseQuantity,,Loose sale step is not established by a kg quote or a product size.,medium,https://cooponline.vn/nam-rom-tuoi-200g-nam-xanh-f--s250516133,,Keep original fixed-quote semantics; obtain evidence before a separate loose price-book publication.,needs_source_for_loose_offer
prices.csv,hanh_tay,saleStepBaseQuantity,,Loose sale step is not established by a kg quote or a product size.,medium,https://www.bachhoaxanh.com/cu/hanh-tay-300gr,,Keep original fixed-quote semantics; obtain evidence before a separate loose price-book publication.,needs_source_for_loose_offer
prices.csv,hanh_la,saleStepBaseQuantity,,Loose sale step is not established by a kg quote or a product size.,medium,https://www.bachhoaxanh.com/rau-sach/hanh-la-goi-100g,,Keep original fixed-quote semantics; obtain evidence before a separate loose price-book publication.,needs_source_for_loose_offer
prices.csv,hanh_tim,saleStepBaseQuantity,,Loose sale step is not established by a kg quote or a product size.,medium,https://cooponline.vn/hanh-tim--s250106131,,Keep original fixed-quote semantics; obtain evidence before a separate loose price-book publication.,needs_source_for_loose_offer
prices.csv,toi,saleStepBaseQuantity,,Loose sale step is not established by a kg quote or a product size.,medium,https://cooponline.vn/toi-hai-duong-100g--s250618968,,Keep original fixed-quote semantics; obtain evidence before a separate loose price-book publication.,needs_source_for_loose_offer
prices.csv,gung,saleStepBaseQuantity,,Loose sale step is not established by a kg quote or a product size.,medium,https://cooponline.vn/gung-kg-td--s250707912,,Keep original fixed-quote semantics; obtain evidence before a separate loose price-book publication.,needs_source_for_loose_offer
prices.csv,sa,saleStepBaseQuantity,,Loose sale step is not established by a kg quote or a product size.,medium,https://cooponline.vn/sa-cay-kg--s250108019,,Keep original fixed-quote semantics; obtain evidence before a separate loose price-book publication.,needs_source_for_loose_offer
prices.csv,ot_hiem,saleStepBaseQuantity,,Loose sale step is not established by a kg quote or a product size.,medium,https://www.bachhoaxanh.com/mi/mi-a-one-lau-tom-ot-xanh-goi-79gr-thung-30,,Keep original fixed-quote semantics; obtain evidence before a separate loose price-book publication.,needs_source_for_loose_offer
prices.csv,rau_ngo,saleStepBaseQuantity,,Loose sale step is not established by a kg quote or a product size.,medium,https://cooponline.vn/rau-ngo-ri-300g--s250518112,,Keep original fixed-quote semantics; obtain evidence before a separate loose price-book publication.,needs_source_for_loose_offer
prices.csv,me_chua,saleStepBaseQuantity,,Loose sale step is not established by a kg quote or a product size.,medium,https://marketplace.tripmap.vn/product/me-chua-1kg-tuoi-song-cho-canh-chua-dam-nuoc,,Keep original fixed-quote semantics; obtain evidence before a separate loose price-book publication.,needs_source_for_loose_offer
prices.csv,nuoc_mam,saleStepBaseQuantity,,Loose sale step is not established by a kg quote or a product size.,medium,https://www.bachhoaxanh.com/gao-gao-nep/combo-gia-vi-am-no-gao-dau-an-nuoc-mam,,Keep original fixed-quote semantics; obtain evidence before a separate loose price-book publication.,needs_source_for_loose_offer
prices.csv,nuoc_tuong,saleStepBaseQuantity,,Loose sale step is not established by a kg quote or a product size.,medium,https://www.bachhoaxanh.com/nuoc-tuong,,Keep original fixed-quote semantics; obtain evidence before a separate loose price-book publication.,needs_source_for_loose_offer
prices.csv,dau_an,saleStepBaseQuantity,,Loose sale step is not established by a kg quote or a product size.,medium,https://www.bachhoaxanh.com/gao-gao-nep/combo-gia-vi-am-no-gao-dau-an-nuoc-mam,,Keep original fixed-quote semantics; obtain evidence before a separate loose price-book publication.,needs_source_for_loose_offer
prices.csv,muoi,saleStepBaseQuantity,,Loose sale step is not established by a kg quote or a product size.,medium,https://www.bachhoaxanh.com/muoi-an,,Keep original fixed-quote semantics; obtain evidence before a separate loose price-book publication.,needs_source_for_loose_offer
prices.csv,duong_cat,saleStepBaseQuantity,,Loose sale step is not established by a kg quote or a product size.,medium,https://www.bachhoaxanh.com/hat-nem/combo-bot-ngot-duong-muoi,,Keep original fixed-quote semantics; obtain evidence before a separate loose price-book publication.,needs_source_for_loose_offer
prices.csv,tieu_xay,saleStepBaseQuantity,,Loose sale step is not established by a kg quote or a product size.,medium,https://www.bachhoaxanh.com/tieu,,Keep original fixed-quote semantics; obtain evidence before a separate loose price-book publication.,needs_source_for_loose_offer
prices.csv,hat_nem,saleStepBaseQuantity,,Loose sale step is not established by a kg quote or a product size.,medium,https://www.bachhoaxanh.com/hat-nem,,Keep original fixed-quote semantics; obtain evidence before a separate loose price-book publication.,needs_source_for_loose_offer
